CREATE DATABASE  IF NOT EXISTS `trialsnp` /*!40100 DEFAULT CHARACTER SET utf8mb4 COLLATE utf8mb4_0900_ai_ci */ /*!80016 DEFAULT ENCRYPTION='N' */;
USE `trialsnp`;
-- MySQL dump 10.13  Distrib 8.0.25, for Win64 (x86_64)
--
-- Host: 127.0.0.1    Database: trialsnp
-- ------------------------------------------------------
-- Server version	8.0.25

/*!40101 SET @OLD_CHARACTER_SET_CLIENT=@@CHARACTER_SET_CLIENT */;
/*!40101 SET @OLD_CHARACTER_SET_RESULTS=@@CHARACTER_SET_RESULTS */;
/*!40101 SET @OLD_COLLATION_CONNECTION=@@COLLATION_CONNECTION */;
/*!50503 SET NAMES utf8 */;
/*!40103 SET @OLD_TIME_ZONE=@@TIME_ZONE */;
/*!40103 SET TIME_ZONE='+00:00' */;
/*!40014 SET @OLD_UNIQUE_CHECKS=@@UNIQUE_CHECKS, UNIQUE_CHECKS=0 */;
/*!40014 SET @OLD_FOREIGN_KEY_CHECKS=@@FOREIGN_KEY_CHECKS, FOREIGN_KEY_CHECKS=0 */;
/*!40101 SET @OLD_SQL_MODE=@@SQL_MODE, SQL_MODE='NO_AUTO_VALUE_ON_ZERO' */;
/*!40111 SET @OLD_SQL_NOTES=@@SQL_NOTES, SQL_NOTES=0 */;

--
-- Table structure for table `creators`
--

DROP TABLE IF EXISTS `creators`;
/*!40101 SET @saved_cs_client     = @@character_set_client */;
/*!50503 SET character_set_client = utf8mb4 */;
CREATE TABLE `creators` (
  `creator` varchar(45) NOT NULL DEFAULT 'N/A',
  `nTracks` int NOT NULL DEFAULT '0',
  `average-track-rating` float(3,2) NOT NULL DEFAULT '0.00',
  `average-track-length` float(3,2) NOT NULL DEFAULT '0.00',
  `average-track-consistency` float(3,2) NOT NULL DEFAULT '0.00',
  `average-track-ninja-level` float(3,2) NOT NULL DEFAULT '0.00',
  `average-track-ninja-points` float(9,2) NOT NULL DEFAULT '0.00',
  `average-track-faults` float(5,2) NOT NULL DEFAULT '0.00',
  `total-track-rating` float(10,2) NOT NULL DEFAULT '0.00',
  `total-track-length` float(10,2) NOT NULL DEFAULT '0.00',
  `total-track-consistency` float(10,2) NOT NULL DEFAULT '0.00',
  `total-track-ninja-level` float(10,2) NOT NULL DEFAULT '0.00',
  `total-track-ninja-points` float(10,2) NOT NULL DEFAULT '0.00',
  `total-track-faults` float(10,2) NOT NULL DEFAULT '0.00',
  PRIMARY KEY (`creator`)
) ENGINE=InnoDB DEFAULT CHARSET=utf8mb4 COLLATE=utf8mb4_0900_ai_ci;
/*!40101 SET character_set_client = @saved_cs_client */;

--
-- Dumping data for table `creators`
--

LOCK TABLES `creators` WRITE;
/*!40000 ALTER TABLE `creators` DISABLE KEYS */;
INSERT INTO `creators` VALUES ('apsldp',1,4.00,1.75,1.20,2.50,0.00,123.00,4.00,1.75,1.20,2.50,0.00,123.00),('asdd',1,3.00,1.75,1.20,4.30,0.00,123.00,3.00,1.75,1.20,4.30,0.00,123.00),('Cavemandave247',2,4.50,3.00,4.00,8.00,0.00,44.00,9.00,6.00,8.00,16.00,0.00,88.00),('Classyfication',1,5.00,2.00,4.00,7.10,0.00,18.00,5.00,2.00,4.00,7.10,0.00,18.00),('Danimalls',1,4.00,3.00,3.00,7.60,0.00,223.00,4.00,3.00,3.00,7.60,0.00,223.00),('dasdasd',1,3.00,1.75,1.20,3.00,0.00,123.00,3.00,1.75,1.20,3.00,0.00,123.00),('kaooakooo',1,3.00,1.75,0.90,5.60,0.00,123.00,3.00,1.75,0.90,5.60,286.39,123.00),('kaookooo',1,3.00,1.75,0.90,5.60,0.00,123.00,3.00,1.75,0.90,5.60,286.39,123.00),('kookoo',1,3.00,1.75,0.90,5.60,0.00,123.00,3.00,1.75,0.90,5.60,0.00,123.00),('kookooo',1,3.00,1.75,0.90,5.60,0.00,123.00,3.00,1.75,0.90,5.60,0.00,123.00),('llollo',1,3.00,1.75,1.60,4.40,304.12,141.00,3.00,1.75,1.60,4.40,304.12,141.00),('matthew_wayne',1,4.00,1.40,1.60,8.30,0.00,70.00,4.00,1.40,1.60,8.30,0.00,70.00),('omwoefmo',1,3.00,1.75,0.90,3.70,0.00,123.00,3.00,1.75,0.90,3.70,0.00,123.00),('Qkoosy',6,5.00,2.17,3.50,6.65,0.00,30.00,30.00,13.00,21.00,39.90,0.00,180.00),('qwdqwd',1,4.00,1.75,1.20,3.40,0.00,123.00,4.00,1.75,1.20,3.40,0.00,123.00),('qwdqwdvwe',1,4.00,1.75,1.20,3.40,0.00,123.00,4.00,1.75,1.20,3.40,0.00,123.00),('qwedfplp123',1,4.00,1.75,1.20,3.60,0.00,123.00,4.00,1.75,1.20,3.60,0.00,123.00),('qwedfplp123d',1,4.00,1.75,1.20,3.60,0.00,123.00,4.00,1.75,1.20,3.60,0.00,123.00),('qwfqwf',1,3.00,1.75,0.90,5.60,0.00,123.00,3.00,1.75,0.90,5.60,286.39,123.00),('qwfqwfd',1,3.00,1.75,0.90,5.60,0.00,123.00,3.00,1.75,0.90,5.60,286.39,123.00),('Skilbo_Baggins',1,5.00,2.00,4.00,7.00,0.00,19.00,5.00,2.00,4.00,7.00,0.00,19.00),('Slikscythez',3,5.00,2.00,3.00,6.73,0.00,54.00,15.00,6.00,9.00,20.20,0.00,162.00),('wefwef',1,3.00,1.40,0.90,4.40,0.00,123.00,3.00,1.40,0.90,4.40,0.00,123.00),('wefwefwef',1,3.00,1.75,1.60,5.00,0.00,123.00,3.00,1.75,1.60,5.00,0.00,123.00),('wvqwdq',1,3.00,1.75,1.20,4.30,0.00,123.00,3.00,1.75,1.20,4.30,0.00,123.00),('ZZZZZZach',2,5.00,2.00,4.50,7.00,0.00,87.50,10.00,4.00,9.00,14.00,0.00,175.00);
/*!40000 ALTER TABLE `creators` ENABLE KEYS */;
UNLOCK TABLES;

--
-- Table structure for table `creatorshistory`
--

DROP TABLE IF EXISTS `creatorshistory`;
/*!40101 SET @saved_cs_client     = @@character_set_client */;
/*!50503 SET character_set_client = utf8mb4 */;
CREATE TABLE `creatorshistory` (
  `creator` varchar(45) NOT NULL DEFAULT 'N/A',
  `nTracks` int NOT NULL DEFAULT '0',
  `average-track-rating` float(3,2) NOT NULL DEFAULT '0.00',
  `average-track-length` float(3,2) NOT NULL DEFAULT '0.00',
  `average-track-consistency` float(3,2) NOT NULL DEFAULT '0.00',
  `average-track-ninja-level` float(3,2) NOT NULL DEFAULT '0.00',
  `average-track-ninja-points` float(9,2) NOT NULL DEFAULT '0.00',
  `average-track-faults` float(5,2) NOT NULL DEFAULT '0.00',
  `history-dates` datetime NOT NULL DEFAULT CURRENT_TIMESTAMP,
  `total-track-rating` float(10,2) NOT NULL DEFAULT '0.00',
  `total-track-length` float(10,2) NOT NULL DEFAULT '0.00',
  `total-track-consistency` float(10,2) NOT NULL DEFAULT '0.00',
  `total-track-ninja-level` float(10,2) NOT NULL DEFAULT '0.00',
  `total-track-ninja-points` float(10,2) NOT NULL DEFAULT '0.00',
  `total-track-faults` float(10,2) NOT NULL DEFAULT '0.00',
  PRIMARY KEY (`creator`,`history-dates`)
) ENGINE=InnoDB DEFAULT CHARSET=utf8mb4 COLLATE=utf8mb4_0900_ai_ci;
/*!40101 SET character_set_client = @saved_cs_client */;

--
-- Dumping data for table `creatorshistory`
--

LOCK TABLES `creatorshistory` WRITE;
/*!40000 ALTER TABLE `creatorshistory` DISABLE KEYS */;
INSERT INTO `creatorshistory` VALUES ('asdd',1,3.00,1.75,1.20,4.30,0.00,123.00,'2022-02-10 08:00:00',3.00,1.75,1.20,4.30,0.00,123.00),('asdd',1,3.00,1.75,1.20,4.30,0.00,123.00,'2022-02-11 08:00:06',3.00,1.75,1.20,4.30,0.00,123.00),('asdd',1,3.00,1.75,1.20,4.30,0.00,123.00,'2022-02-12 08:00:10',3.00,1.75,1.20,4.30,0.00,123.00),('asdd',1,3.00,1.75,1.20,4.30,0.00,123.00,'2022-02-14 08:00:00',3.00,1.75,1.20,4.30,0.00,123.00),('asdd',1,3.00,1.75,1.20,4.30,0.00,123.00,'2022-02-17 08:00:00',3.00,1.75,1.20,4.30,0.00,123.00),('Cavemandave247',2,4.50,3.00,4.00,8.00,0.00,44.00,'2022-02-10 08:00:00',9.00,6.00,8.00,16.00,0.00,88.00),('Cavemandave247',2,4.50,3.00,4.00,8.00,0.00,44.00,'2022-02-11 08:00:06',9.00,6.00,8.00,16.00,0.00,88.00),('Cavemandave247',2,4.50,3.00,4.00,8.00,0.00,44.00,'2022-02-12 08:00:10',9.00,6.00,8.00,16.00,0.00,88.00),('Cavemandave247',2,4.50,3.00,4.00,8.00,0.00,44.00,'2022-02-14 08:00:00',9.00,6.00,8.00,16.00,0.00,88.00),('Cavemandave247',2,4.50,3.00,4.00,8.00,0.00,44.00,'2022-02-17 08:00:00',9.00,6.00,8.00,16.00,0.00,88.00),('Classyfication',1,5.00,2.00,4.00,7.10,0.00,18.00,'2022-02-10 08:00:00',5.00,2.00,4.00,7.10,0.00,18.00),('Classyfication',1,5.00,2.00,4.00,7.10,0.00,18.00,'2022-02-11 08:00:06',5.00,2.00,4.00,7.10,0.00,18.00),('Classyfication',1,5.00,2.00,4.00,7.10,0.00,18.00,'2022-02-12 08:00:10',5.00,2.00,4.00,7.10,0.00,18.00),('Classyfication',1,5.00,2.00,4.00,7.10,0.00,18.00,'2022-02-14 08:00:00',5.00,2.00,4.00,7.10,0.00,18.00),('Classyfication',1,5.00,2.00,4.00,7.10,0.00,18.00,'2022-02-17 08:00:00',5.00,2.00,4.00,7.10,0.00,18.00),('Danimalls',1,4.00,3.00,3.00,7.60,0.00,223.00,'2022-02-10 08:00:00',4.00,3.00,3.00,7.60,0.00,223.00),('Danimalls',1,4.00,3.00,3.00,7.60,0.00,223.00,'2022-02-11 08:00:06',4.00,3.00,3.00,7.60,0.00,223.00),('Danimalls',1,4.00,3.00,3.00,7.60,0.00,223.00,'2022-02-12 08:00:10',4.00,3.00,3.00,7.60,0.00,223.00),('Danimalls',1,4.00,3.00,3.00,7.60,0.00,223.00,'2022-02-14 08:00:00',4.00,3.00,3.00,7.60,0.00,223.00),('Danimalls',1,4.00,3.00,3.00,7.60,0.00,223.00,'2022-02-17 08:00:00',4.00,3.00,3.00,7.60,0.00,223.00),('dasdasd',1,3.00,1.75,1.20,3.00,0.00,123.00,'2022-02-10 08:00:00',3.00,1.75,1.20,3.00,0.00,123.00),('dasdasd',1,3.00,1.75,1.20,3.00,0.00,123.00,'2022-02-11 08:00:06',3.00,1.75,1.20,3.00,0.00,123.00),('dasdasd',1,3.00,1.75,1.20,3.00,0.00,123.00,'2022-02-12 08:00:10',3.00,1.75,1.20,3.00,0.00,123.00),('dasdasd',1,3.00,1.75,1.20,3.00,0.00,123.00,'2022-02-14 08:00:00',3.00,1.75,1.20,3.00,0.00,123.00),('dasdasd',1,3.00,1.75,1.20,3.00,0.00,123.00,'2022-02-17 08:00:00',3.00,1.75,1.20,3.00,0.00,123.00),('matthew_wayne',1,4.00,1.40,1.60,8.30,0.00,70.00,'2022-02-10 08:00:00',4.00,1.40,1.60,8.30,0.00,70.00),('matthew_wayne',1,4.00,1.40,1.60,8.30,0.00,70.00,'2022-02-11 08:00:06',4.00,1.40,1.60,8.30,0.00,70.00),('matthew_wayne',1,4.00,1.40,1.60,8.30,0.00,70.00,'2022-02-12 08:00:10',4.00,1.40,1.60,8.30,0.00,70.00),('matthew_wayne',1,4.00,1.40,1.60,8.30,0.00,70.00,'2022-02-14 08:00:00',4.00,1.40,1.60,8.30,0.00,70.00),('matthew_wayne',1,4.00,1.40,1.60,8.30,0.00,70.00,'2022-02-17 08:00:00',4.00,1.40,1.60,8.30,0.00,70.00),('omwoefmo',1,3.00,1.75,0.90,3.70,0.00,123.00,'2022-02-10 08:00:00',3.00,1.75,0.90,3.70,0.00,123.00),('omwoefmo',1,3.00,1.75,0.90,3.70,0.00,123.00,'2022-02-11 08:00:06',3.00,1.75,0.90,3.70,0.00,123.00),('omwoefmo',1,3.00,1.75,0.90,3.70,0.00,123.00,'2022-02-12 08:00:10',3.00,1.75,0.90,3.70,0.00,123.00),('omwoefmo',1,3.00,1.75,0.90,3.70,0.00,123.00,'2022-02-14 08:00:00',3.00,1.75,0.90,3.70,0.00,123.00),('omwoefmo',1,3.00,1.75,0.90,3.70,0.00,123.00,'2022-02-17 08:00:00',3.00,1.75,0.90,3.70,0.00,123.00),('Qkoosy',6,5.00,2.17,3.50,6.65,0.00,30.00,'2022-02-10 08:00:00',30.00,13.00,21.00,39.90,0.00,180.00),('Qkoosy',6,5.00,2.17,3.50,6.65,0.00,30.00,'2022-02-11 08:00:06',30.00,13.00,21.00,39.90,0.00,180.00),('Qkoosy',6,5.00,2.17,3.50,6.65,0.00,30.00,'2022-02-12 08:00:10',30.00,13.00,21.00,39.90,0.00,180.00),('Qkoosy',6,5.00,2.17,3.50,6.65,0.00,30.00,'2022-02-14 08:00:00',30.00,13.00,21.00,39.90,0.00,180.00),('Qkoosy',6,5.00,2.17,3.50,6.65,0.00,30.00,'2022-02-17 08:00:00',30.00,13.00,21.00,39.90,0.00,180.00),('qwdqwd',1,4.00,1.75,1.20,3.40,0.00,123.00,'2022-02-10 08:00:00',4.00,1.75,1.20,3.40,0.00,123.00),('qwdqwd',1,4.00,1.75,1.20,3.40,0.00,123.00,'2022-02-11 08:00:06',4.00,1.75,1.20,3.40,0.00,123.00),('qwdqwd',1,4.00,1.75,1.20,3.40,0.00,123.00,'2022-02-12 08:00:10',4.00,1.75,1.20,3.40,0.00,123.00),('qwdqwd',1,4.00,1.75,1.20,3.40,0.00,123.00,'2022-02-14 08:00:00',4.00,1.75,1.20,3.40,0.00,123.00),('qwdqwd',1,4.00,1.75,1.20,3.40,0.00,123.00,'2022-02-17 08:00:00',4.00,1.75,1.20,3.40,0.00,123.00),('qwdqwdvwe',1,4.00,1.75,1.20,3.40,0.00,123.00,'2022-02-10 08:00:00',4.00,1.75,1.20,3.40,0.00,123.00),('qwdqwdvwe',1,4.00,1.75,1.20,3.40,0.00,123.00,'2022-02-11 08:00:06',4.00,1.75,1.20,3.40,0.00,123.00),('qwdqwdvwe',1,4.00,1.75,1.20,3.40,0.00,123.00,'2022-02-12 08:00:10',4.00,1.75,1.20,3.40,0.00,123.00),('qwdqwdvwe',1,4.00,1.75,1.20,3.40,0.00,123.00,'2022-02-14 08:00:00',4.00,1.75,1.20,3.40,0.00,123.00),('qwdqwdvwe',1,4.00,1.75,1.20,3.40,0.00,123.00,'2022-02-17 08:00:00',4.00,1.75,1.20,3.40,0.00,123.00),('Skilbo_Baggins',1,5.00,2.00,4.00,7.00,0.00,19.00,'2022-02-10 08:00:00',5.00,2.00,4.00,7.00,0.00,19.00),('Skilbo_Baggins',1,5.00,2.00,4.00,7.00,0.00,19.00,'2022-02-11 08:00:06',5.00,2.00,4.00,7.00,0.00,19.00),('Skilbo_Baggins',1,5.00,2.00,4.00,7.00,0.00,19.00,'2022-02-12 08:00:10',5.00,2.00,4.00,7.00,0.00,19.00),('Skilbo_Baggins',1,5.00,2.00,4.00,7.00,0.00,19.00,'2022-02-14 08:00:00',5.00,2.00,4.00,7.00,0.00,19.00),('Skilbo_Baggins',1,5.00,2.00,4.00,7.00,0.00,19.00,'2022-02-17 08:00:00',5.00,2.00,4.00,7.00,0.00,19.00),('Slikscythez',3,5.00,2.00,3.00,6.73,0.00,54.00,'2022-02-10 08:00:00',15.00,6.00,9.00,20.20,0.00,162.00),('Slikscythez',3,5.00,2.00,3.00,6.73,0.00,54.00,'2022-02-11 08:00:06',15.00,6.00,9.00,20.20,0.00,162.00),('Slikscythez',3,5.00,2.00,3.00,6.73,0.00,54.00,'2022-02-12 08:00:10',15.00,6.00,9.00,20.20,0.00,162.00),('Slikscythez',3,5.00,2.00,3.00,6.73,0.00,54.00,'2022-02-14 08:00:00',15.00,6.00,9.00,20.20,0.00,162.00),('Slikscythez',3,5.00,2.00,3.00,6.73,0.00,54.00,'2022-02-17 08:00:00',15.00,6.00,9.00,20.20,0.00,162.00),('wefwef',1,3.00,1.40,0.90,4.40,0.00,123.00,'2022-02-10 08:00:00',3.00,1.40,0.90,4.40,0.00,123.00),('wefwef',1,3.00,1.40,0.90,4.40,0.00,123.00,'2022-02-11 08:00:06',3.00,1.40,0.90,4.40,0.00,123.00),('wefwef',1,3.00,1.40,0.90,4.40,0.00,123.00,'2022-02-12 08:00:10',3.00,1.40,0.90,4.40,0.00,123.00),('wefwef',1,3.00,1.40,0.90,4.40,0.00,123.00,'2022-02-14 08:00:00',3.00,1.40,0.90,4.40,0.00,123.00),('wefwef',1,3.00,1.40,0.90,4.40,0.00,123.00,'2022-02-17 08:00:00',3.00,1.40,0.90,4.40,0.00,123.00),('wefwefwef',1,3.00,1.75,1.60,5.00,0.00,123.00,'2022-02-10 08:00:00',3.00,1.75,1.60,5.00,0.00,123.00),('wefwefwef',1,3.00,1.75,1.60,5.00,0.00,123.00,'2022-02-11 08:00:06',3.00,1.75,1.60,5.00,0.00,123.00),('wefwefwef',1,3.00,1.75,1.60,5.00,0.00,123.00,'2022-02-12 08:00:10',3.00,1.75,1.60,5.00,0.00,123.00),('wefwefwef',1,3.00,1.75,1.60,5.00,0.00,123.00,'2022-02-14 08:00:00',3.00,1.75,1.60,5.00,0.00,123.00),('wefwefwef',1,3.00,1.75,1.60,5.00,0.00,123.00,'2022-02-17 08:00:00',3.00,1.75,1.60,5.00,0.00,123.00),('wvqwdq',1,3.00,1.75,1.20,4.30,0.00,123.00,'2022-02-10 08:00:00',3.00,1.75,1.20,4.30,0.00,123.00),('wvqwdq',1,3.00,1.75,1.20,4.30,0.00,123.00,'2022-02-11 08:00:06',3.00,1.75,1.20,4.30,0.00,123.00),('wvqwdq',1,3.00,1.75,1.20,4.30,0.00,123.00,'2022-02-12 08:00:10',3.00,1.75,1.20,4.30,0.00,123.00),('wvqwdq',1,3.00,1.75,1.20,4.30,0.00,123.00,'2022-02-14 08:00:00',3.00,1.75,1.20,4.30,0.00,123.00),('wvqwdq',1,3.00,1.75,1.20,4.30,0.00,123.00,'2022-02-17 08:00:00',3.00,1.75,1.20,4.30,0.00,123.00),('ZZZZZZach',2,5.00,2.00,4.50,7.00,0.00,87.50,'2022-02-10 08:00:00',10.00,4.00,9.00,14.00,0.00,175.00),('ZZZZZZach',2,5.00,2.00,4.50,7.00,0.00,87.50,'2022-02-11 08:00:06',10.00,4.00,9.00,14.00,0.00,175.00),('ZZZZZZach',2,5.00,2.00,4.50,7.00,0.00,87.50,'2022-02-12 08:00:10',10.00,4.00,9.00,14.00,0.00,175.00),('ZZZZZZach',2,5.00,2.00,4.50,7.00,0.00,87.50,'2022-02-14 08:00:00',10.00,4.00,9.00,14.00,0.00,175.00),('ZZZZZZach',2,5.00,2.00,4.50,7.00,0.00,87.50,'2022-02-17 08:00:00',10.00,4.00,9.00,14.00,0.00,175.00);
/*!40000 ALTER TABLE `creatorshistory` ENABLE KEYS */;
UNLOCK TABLES;

--
-- Table structure for table `profiles`
--

DROP TABLE IF EXISTS `profiles`;
/*!40101 SET @saved_cs_client     = @@character_set_client */;
/*!50503 SET character_set_client = utf8mb4 */;
CREATE TABLE `profiles` (
  `email` varchar(320) CHARACTER SET utf8 COLLATE utf8_unicode_ci NOT NULL,
  `id` varchar(29) CHARACTER SET utf8 COLLATE utf8_unicode_ci NOT NULL,
  `create_date` datetime NOT NULL DEFAULT CURRENT_TIMESTAMP,
  `country` varchar(3) CHARACTER SET utf8 COLLATE utf8_unicode_ci NOT NULL DEFAULT 'N/A',
  `region` varchar(100) CHARACTER SET utf8 COLLATE utf8_unicode_ci NOT NULL DEFAULT 'N/A',
  `gamertag` varchar(25) CHARACTER SET utf8 COLLATE utf8_unicode_ci DEFAULT NULL,
  `aliases` varchar(150) CHARACTER SET utf8 COLLATE utf8_unicode_ci DEFAULT NULL,
  `username` varchar(25) CHARACTER SET utf8 COLLATE utf8_unicode_ci NOT NULL,
  `highest-np-run` float(7,2) NOT NULL DEFAULT '0.00',
  `runs` int NOT NULL DEFAULT '0',
  `total-ninja-points` int NOT NULL DEFAULT '0',
  `highest-level-pass` float(3,2) NOT NULL DEFAULT '0.00',
  `bio` varchar(300) CHARACTER SET utf8 COLLATE utf8_unicode_ci DEFAULT NULL,
  `banner-url` varchar(1100) CHARACTER SET utf8 COLLATE utf8_unicode_ci NOT NULL DEFAULT 'https://trialsnp-photos.s3.amazonaws.com/profiles/banners/defaultProfileBanner.png',
  `top-100-runs` int NOT NULL DEFAULT '0',
  PRIMARY KEY (`id`),
  UNIQUE KEY `username_UNIQUE` (`username`)
) ENGINE=InnoDB DEFAULT CHARSET=utf8mb3 COLLATE=utf8_unicode_ci;
/*!40101 SET character_set_client = @saved_cs_client */;

--
-- Dumping data for table `profiles`
--

LOCK TABLES `profiles` WRITE;
/*!40000 ALTER TABLE `profiles` DISABLE KEYS */;
INSERT INTO `profiles` VALUES ('lukas-brehmer@gmx.de','4CMFkHPTFIRAgb9bEBLThN9gcTf2','2022-02-08 22:35:04','DE','Berlin',NULL,'Sonne, Sun','SunRiiZe',972.00,1,0,7.00,NULL,'https://trialsnp-photos.s3.amazonaws.com/profiles/banners/defaultProfileBanner.png',972),('eee@gmail.com','b9QvkmkGNWck0waRokdPGp5Y7T82','2022-02-08 22:42:16','N/A','N/A',NULL,'stop savin chat','eee',0.00,0,0,0.00,NULL,'https://trialsnp-photos.s3.amazonaws.com/profiles/banners/defaultProfileBanner.png',0),('rjburgerr@gmail.com','iSD7u2cJe2QywG8FK9Yjci3rEKo1','2022-02-09 01:47:59','US','Minnesota',NULL,NULL,'RJ Burgerr1',1086.00,3,1687,6.10,NULL,'https://trialsnp-photos.s3.amazonaws.com/profiles/banners/defaultProfileBanner.png',3145),('please@email.com','NSPHkjQiAaOqrjD6hZ5e9L1oYf43','2022-02-09 10:22:15','N/A','N/A',NULL,NULL,'please',930.00,11,876,8.30,NULL,'https://trialsnp-photos.s3.amazonaws.com/profiles/banners/defaultProfileBanner.png',5164),('q7730q+2xw@sharklasers.com','PujMrtGeilPhtjXZFg9Jtz9B3Zp2','2022-02-08 22:47:18','N/A','N/A',NULL,NULL,'giantshark17',0.00,0,0,0.00,NULL,'https://trialsnp-photos.s3.amazonaws.com/profiles/banners/defaultProfileBanner.png',0),('TESTUER@G.com','v9ksChUkaNSVMjbRl464C4caDUm1','2022-02-21 18:27:01','N/A','N/A',NULL,NULL,'TESTUSER',0.00,0,0,0.00,NULL,'https://trialsnp-photos.s3.amazonaws.com/profiles/banners/v9ksChUkaNSVMjbRl464C4caDUm1-ea079edc5c5bec55dbe64e88f4455ad884d93abb_1.jpg',0),('tridentspike@gmail.com','VmO321s4yJcvK4WLc3hMsjLmnzv1','2022-02-08 22:35:57','US','Minnesota',NULL,'Huge cock','RareDrops',0.00,0,0,0.00,NULL,'https://trialsnp-photos.s3.amazonaws.com/profiles/banners/defaultProfileBanner.png',0),('danhalonen123@gmail.com','Z4Z5BjdOcHe6PDRbPqnwCyUvOQ52','2022-02-08 23:45:27','US','Michigan',NULL,NULL,'Danimalls',1467.00,11,13878,8.00,'I pass hard tracks sometimes','https://trialsnp-photos.s3.amazonaws.com/profiles/banners/defaultProfileBanner.png',9280);
/*!40000 ALTER TABLE `profiles` ENABLE KEYS */;
UNLOCK TABLES;

--
-- Table structure for table `profileshistory`
--

DROP TABLE IF EXISTS `profileshistory`;
/*!40101 SET @saved_cs_client     = @@character_set_client */;
/*!50503 SET character_set_client = utf8mb4 */;
CREATE TABLE `profileshistory` (
  `email` varchar(255) CHARACTER SET utf8 COLLATE utf8_unicode_ci NOT NULL,
  `id` varchar(29) CHARACTER SET utf8 COLLATE utf8_unicode_ci NOT NULL,
  `create_date` datetime NOT NULL DEFAULT CURRENT_TIMESTAMP,
  `country` varchar(3) CHARACTER SET utf8 COLLATE utf8_unicode_ci NOT NULL DEFAULT 'N/A',
  `region` varchar(100) CHARACTER SET utf8 COLLATE utf8_unicode_ci NOT NULL DEFAULT 'N/A',
  `gamertag` varchar(25) CHARACTER SET utf8 COLLATE utf8_unicode_ci DEFAULT NULL,
  `aliases` varchar(150) CHARACTER SET utf8 COLLATE utf8_unicode_ci DEFAULT NULL,
  `username` varchar(25) CHARACTER SET utf8 COLLATE utf8_unicode_ci NOT NULL,
  `highest-np-run` int NOT NULL DEFAULT '0',
  `runs` int NOT NULL DEFAULT '0',
  `total-ninja-points` int NOT NULL DEFAULT '0',
  `highest-level-pass` float(3,2) NOT NULL DEFAULT '0.00',
  `bio` varchar(300) CHARACTER SET utf8 COLLATE utf8_unicode_ci DEFAULT NULL,
  `history-dates` datetime NOT NULL DEFAULT CURRENT_TIMESTAMP,
  `index` int NOT NULL AUTO_INCREMENT,
  `banner-url` varchar(1100) NOT NULL DEFAULT 'https://trials-np-images.s3.amazonaws.com//uploads/defaultProfileBanner.png',
  `top-100-runs` int NOT NULL DEFAULT '0',
  PRIMARY KEY (`index`)
) ENGINE=InnoDB AUTO_INCREMENT=917 DEFAULT CHARSET=utf8mb4 COLLATE=utf8mb4_0900_ai_ci;
/*!40101 SET character_set_client = @saved_cs_client */;

--
-- Dumping data for table `profileshistory`
--

LOCK TABLES `profileshistory` WRITE;
/*!40000 ALTER TABLE `profileshistory` DISABLE KEYS */;
INSERT INTO `profileshistory` VALUES ('rjburgerr@gmail.com','EDerkZHn2QYSWKsK6lMtnzWUsh42','2022-02-07 05:20:39','US','Minnesota',NULL,NULL,'RJ Burgerr1',0,0,0,0.00,NULL,'2022-02-08 08:00:00',881,'https://trials-np-images.s3.amazonaws.com//uploads/defaultProfileBanner.png',0),('lukas-brehmer@gmx.de','4CMFkHPTFIRAgb9bEBLThN9gcTf2','2022-02-08 22:35:04','DE','Berlin',NULL,'Sonne, Sun','SunRiiZe',972,1,0,7.00,NULL,'2022-02-10 08:00:00',882,'https://trials-np-images.s3.amazonaws.com//uploads/defaultProfileBanner.png',972),('eee@gmail.com','b9QvkmkGNWck0waRokdPGp5Y7T82','2022-02-08 22:42:16','N/A','N/A',NULL,'stop savin chat','eee',0,0,0,0.00,NULL,'2022-02-10 08:00:00',883,'https://trials-np-images.s3.amazonaws.com//uploads/defaultProfileBanner.png',0),('rjburgerr@gmail.com','iSD7u2cJe2QywG8FK9Yjci3rEKo1','2022-02-09 01:47:59','US','Minnesota',NULL,NULL,'RJ Burgerr1',1086,3,1687,6.10,NULL,'2022-02-10 08:00:00',884,'https://trials-np-images.s3.amazonaws.com//uploads/defaultProfileBanner.png',3145),('please@email.com','NSPHkjQiAaOqrjD6hZ5e9L1oYf43','2022-02-09 10:22:15','N/A','N/A',NULL,NULL,'please',1163,6,0,8.30,NULL,'2022-02-10 08:00:00',885,'https://trials-np-images.s3.amazonaws.com//uploads/defaultProfileBanner.png',2314),('q7730q+2xw@sharklasers.com','PujMrtGeilPhtjXZFg9Jtz9B3Zp2','2022-02-08 22:47:18','N/A','N/A',NULL,NULL,'giantshark17',0,0,0,0.00,NULL,'2022-02-10 08:00:00',886,'https://trials-np-images.s3.amazonaws.com//uploads/defaultProfileBanner.png',0),('tridentspike@gmail.com','VmO321s4yJcvK4WLc3hMsjLmnzv1','2022-02-08 22:35:57','US','Minnesota',NULL,'Huge cock','RareDrops',0,0,0,0.00,NULL,'2022-02-10 08:00:00',887,'https://trials-np-images.s3.amazonaws.com//uploads/defaultProfileBanner.png',0),('danhalonen123@gmail.com','Z4Z5BjdOcHe6PDRbPqnwCyUvOQ52','2022-02-08 23:45:27','US','Michigan',NULL,NULL,'Danimalls',1467,11,13878,8.00,'I pass hard tracks sometimes','2022-02-10 08:00:00',888,'https://trials-np-images.s3.amazonaws.com//uploads/defaultProfileBanner.png',9280),('lukas-brehmer@gmx.de','4CMFkHPTFIRAgb9bEBLThN9gcTf2','2022-02-08 22:35:04','DE','Berlin',NULL,'Sonne, Sun','SunRiiZe',972,1,0,7.00,NULL,'2022-02-11 08:00:06',889,'https://trials-np-images.s3.amazonaws.com//uploads/defaultProfileBanner.png',972),('eee@gmail.com','b9QvkmkGNWck0waRokdPGp5Y7T82','2022-02-08 22:42:16','N/A','N/A',NULL,'stop savin chat','eee',0,0,0,0.00,NULL,'2022-02-11 08:00:06',890,'https://trials-np-images.s3.amazonaws.com//uploads/defaultProfileBanner.png',0),('rjburgerr@gmail.com','iSD7u2cJe2QywG8FK9Yjci3rEKo1','2022-02-09 01:47:59','US','Minnesota',NULL,NULL,'RJ Burgerr1',1086,3,1687,6.10,NULL,'2022-02-11 08:00:06',891,'https://trials-np-images.s3.amazonaws.com//uploads/defaultProfileBanner.png',3145),('please@email.com','NSPHkjQiAaOqrjD6hZ5e9L1oYf43','2022-02-09 10:22:15','N/A','N/A',NULL,NULL,'please',930,6,0,8.30,NULL,'2022-02-11 08:00:06',892,'https://trials-np-images.s3.amazonaws.com//uploads/defaultProfileBanner.png',2314),('q7730q+2xw@sharklasers.com','PujMrtGeilPhtjXZFg9Jtz9B3Zp2','2022-02-08 22:47:18','N/A','N/A',NULL,NULL,'giantshark17',0,0,0,0.00,NULL,'2022-02-11 08:00:06',893,'https://trials-np-images.s3.amazonaws.com//uploads/defaultProfileBanner.png',0),('tridentspike@gmail.com','VmO321s4yJcvK4WLc3hMsjLmnzv1','2022-02-08 22:35:57','US','Minnesota',NULL,'Huge cock','RareDrops',0,0,0,0.00,NULL,'2022-02-11 08:00:06',894,'https://trials-np-images.s3.amazonaws.com//uploads/defaultProfileBanner.png',0),('danhalonen123@gmail.com','Z4Z5BjdOcHe6PDRbPqnwCyUvOQ52','2022-02-08 23:45:27','US','Michigan',NULL,NULL,'Danimalls',1467,11,13878,8.00,'I pass hard tracks sometimes','2022-02-11 08:00:06',895,'https://trials-np-images.s3.amazonaws.com//uploads/defaultProfileBanner.png',9280),('lukas-brehmer@gmx.de','4CMFkHPTFIRAgb9bEBLThN9gcTf2','2022-02-08 22:35:04','DE','Berlin',NULL,'Sonne, Sun','SunRiiZe',972,1,0,7.00,NULL,'2022-02-12 08:00:10',896,'https://trials-np-images.s3.amazonaws.com//uploads/defaultProfileBanner.png',972),('eee@gmail.com','b9QvkmkGNWck0waRokdPGp5Y7T82','2022-02-08 22:42:16','N/A','N/A',NULL,'stop savin chat','eee',0,0,0,0.00,NULL,'2022-02-12 08:00:10',897,'https://trials-np-images.s3.amazonaws.com//uploads/defaultProfileBanner.png',0),('rjburgerr@gmail.com','iSD7u2cJe2QywG8FK9Yjci3rEKo1','2022-02-09 01:47:59','US','Minnesota',NULL,NULL,'RJ Burgerr1',1086,3,1687,6.10,NULL,'2022-02-12 08:00:10',898,'https://trials-np-images.s3.amazonaws.com//uploads/defaultProfileBanner.png',3145),('please@email.com','NSPHkjQiAaOqrjD6hZ5e9L1oYf43','2022-02-09 10:22:15','N/A','N/A',NULL,NULL,'please',930,6,0,8.30,NULL,'2022-02-12 08:00:10',899,'https://trials-np-images.s3.amazonaws.com//uploads/defaultProfileBanner.png',2314),('q7730q+2xw@sharklasers.com','PujMrtGeilPhtjXZFg9Jtz9B3Zp2','2022-02-08 22:47:18','N/A','N/A',NULL,NULL,'giantshark17',0,0,0,0.00,NULL,'2022-02-12 08:00:10',900,'https://trials-np-images.s3.amazonaws.com//uploads/defaultProfileBanner.png',0),('tridentspike@gmail.com','VmO321s4yJcvK4WLc3hMsjLmnzv1','2022-02-08 22:35:57','US','Minnesota',NULL,'Huge cock','RareDrops',0,0,0,0.00,NULL,'2022-02-12 08:00:10',901,'https://trials-np-images.s3.amazonaws.com//uploads/defaultProfileBanner.png',0),('danhalonen123@gmail.com','Z4Z5BjdOcHe6PDRbPqnwCyUvOQ52','2022-02-08 23:45:27','US','Michigan',NULL,NULL,'Danimalls',1467,11,13878,8.00,'I pass hard tracks sometimes','2022-02-12 08:00:10',902,'https://trials-np-images.s3.amazonaws.com//uploads/defaultProfileBanner.png',9280),('lukas-brehmer@gmx.de','4CMFkHPTFIRAgb9bEBLThN9gcTf2','2022-02-08 22:35:04','DE','Berlin',NULL,'Sonne, Sun','SunRiiZe',972,1,0,7.00,NULL,'2022-02-14 08:00:00',903,'https://trials-np-images.s3.amazonaws.com//uploads/defaultProfileBanner.png',972),('eee@gmail.com','b9QvkmkGNWck0waRokdPGp5Y7T82','2022-02-08 22:42:16','N/A','N/A',NULL,'stop savin chat','eee',0,0,0,0.00,NULL,'2022-02-14 08:00:00',904,'https://trials-np-images.s3.amazonaws.com//uploads/defaultProfileBanner.png',0),('rjburgerr@gmail.com','iSD7u2cJe2QywG8FK9Yjci3rEKo1','2022-02-09 01:47:59','US','Minnesota',NULL,NULL,'RJ Burgerr1',1086,3,1687,6.10,NULL,'2022-02-14 08:00:00',905,'https://trials-np-images.s3.amazonaws.com//uploads/defaultProfileBanner.png',3145),('please@email.com','NSPHkjQiAaOqrjD6hZ5e9L1oYf43','2022-02-09 10:22:15','N/A','N/A',NULL,NULL,'please',930,6,0,8.30,NULL,'2022-02-14 08:00:00',906,'https://trials-np-images.s3.amazonaws.com//uploads/defaultProfileBanner.png',2314),('q7730q+2xw@sharklasers.com','PujMrtGeilPhtjXZFg9Jtz9B3Zp2','2022-02-08 22:47:18','N/A','N/A',NULL,NULL,'giantshark17',0,0,0,0.00,NULL,'2022-02-14 08:00:00',907,'https://trials-np-images.s3.amazonaws.com//uploads/defaultProfileBanner.png',0),('tridentspike@gmail.com','VmO321s4yJcvK4WLc3hMsjLmnzv1','2022-02-08 22:35:57','US','Minnesota',NULL,'Huge cock','RareDrops',0,0,0,0.00,NULL,'2022-02-14 08:00:00',908,'https://trials-np-images.s3.amazonaws.com//uploads/defaultProfileBanner.png',0),('danhalonen123@gmail.com','Z4Z5BjdOcHe6PDRbPqnwCyUvOQ52','2022-02-08 23:45:27','US','Michigan',NULL,NULL,'Danimalls',1467,11,13878,8.00,'I pass hard tracks sometimes','2022-02-14 08:00:00',909,'https://trials-np-images.s3.amazonaws.com//uploads/defaultProfileBanner.png',9280),('lukas-brehmer@gmx.de','4CMFkHPTFIRAgb9bEBLThN9gcTf2','2022-02-08 22:35:04','DE','Berlin',NULL,'Sonne, Sun','SunRiiZe',972,1,0,7.00,NULL,'2022-02-17 08:00:00',910,'https://trials-np-images.s3.amazonaws.com//uploads/defaultProfileBanner.png',972),('eee@gmail.com','b9QvkmkGNWck0waRokdPGp5Y7T82','2022-02-08 22:42:16','N/A','N/A',NULL,'stop savin chat','eee',0,0,0,0.00,NULL,'2022-02-17 08:00:00',911,'https://trials-np-images.s3.amazonaws.com//uploads/defaultProfileBanner.png',0),('rjburgerr@gmail.com','iSD7u2cJe2QywG8FK9Yjci3rEKo1','2022-02-09 01:47:59','US','Minnesota',NULL,NULL,'RJ Burgerr1',1086,3,1687,6.10,NULL,'2022-02-17 08:00:00',912,'https://trials-np-images.s3.amazonaws.com//uploads/defaultProfileBanner.png',3145),('please@email.com','NSPHkjQiAaOqrjD6hZ5e9L1oYf43','2022-02-09 10:22:15','N/A','N/A',NULL,NULL,'please',930,6,0,8.30,NULL,'2022-02-17 08:00:00',913,'https://trials-np-images.s3.amazonaws.com//uploads/defaultProfileBanner.png',2314),('q7730q+2xw@sharklasers.com','PujMrtGeilPhtjXZFg9Jtz9B3Zp2','2022-02-08 22:47:18','N/A','N/A',NULL,NULL,'giantshark17',0,0,0,0.00,NULL,'2022-02-17 08:00:00',914,'https://trials-np-images.s3.amazonaws.com//uploads/defaultProfileBanner.png',0),('tridentspike@gmail.com','VmO321s4yJcvK4WLc3hMsjLmnzv1','2022-02-08 22:35:57','US','Minnesota',NULL,'Huge cock','RareDrops',0,0,0,0.00,NULL,'2022-02-17 08:00:00',915,'https://trials-np-images.s3.amazonaws.com//uploads/defaultProfileBanner.png',0),('danhalonen123@gmail.com','Z4Z5BjdOcHe6PDRbPqnwCyUvOQ52','2022-02-08 23:45:27','US','Michigan',NULL,NULL,'Danimalls',1467,11,13878,8.00,'I pass hard tracks sometimes','2022-02-17 08:00:00',916,'https://trials-np-images.s3.amazonaws.com//uploads/defaultProfileBanner.png',9280);
/*!40000 ALTER TABLE `profileshistory` ENABLE KEYS */;
UNLOCK TABLES;

--
-- Table structure for table `runs`
--

DROP TABLE IF EXISTS `runs`;
/*!40101 SET @saved_cs_client     = @@character_set_client */;
/*!50503 SET character_set_client = utf8mb4 */;
CREATE TABLE `runs` (
  `rider` varchar(45) NOT NULL,
  `rank` int DEFAULT NULL,
  `faults` int NOT NULL,
  `time` varchar(9) NOT NULL,
  `track-name` varchar(45) NOT NULL,
  `ninja-points` float(7,2) NOT NULL DEFAULT '0.00',
  `ninja-level` float(3,2) NOT NULL,
  `length` enum('Short','Medium','Long') NOT NULL,
  `consistency` enum('Not At All','Not Very','Moderately','Very','Extremely') NOT NULL,
  `rating` float(3,2) DEFAULT NULL,
  `creator` varchar(45) NOT NULL,
  `id` varchar(29) NOT NULL,
  `date` datetime NOT NULL DEFAULT CURRENT_TIMESTAMP,
  `video` varchar(100) DEFAULT NULL,
  PRIMARY KEY (`track-name`,`id`,`creator`),
  KEY `rider_idx` (`rider`) /*!80000 INVISIBLE */,
  KEY `creator_idx` (`creator`),
  KEY `track-name_idx` (`track-name`),
  CONSTRAINT `creator` FOREIGN KEY (`creator`) REFERENCES `creators` (`creator`),
  CONSTRAINT `track-name` FOREIGN KEY (`track-name`) REFERENCES `tracks` (`track-name`)
) ENGINE=InnoDB DEFAULT CHARSET=utf8mb4 COLLATE=utf8mb4_0900_ai_ci;
/*!40101 SET character_set_client = @saved_cs_client */;

--
-- Dumping data for table `runs`
--

LOCK TABLES `runs` WRITE;
/*!40000 ALTER TABLE `runs` DISABLE KEYS */;
INSERT INTO `runs` VALUES ('please',0,123,'12:31.231','afadfadf',507.36,5.00,'Medium','Moderately',3.00,'wefwefwef','NSPHkjQiAaOqrjD6hZ5e9L1oYf43','2022-02-10 04:36:49',NULL),('Danimalls',5,67,'16:35.075','Annihilation',839.07,7.30,'Long','Very',5.00,'Qkoosy','Z4Z5BjdOcHe6PDRbPqnwCyUvOQ52','2022-02-09 00:03:55',NULL),('RJ Burgerr1',1,0,'03:11.813','Apostle',1086.00,6.10,'Medium','Moderately',5.00,'Qkoosy','iSD7u2cJe2QywG8FK9Yjci3rEKo1','2022-02-09 06:40:56',NULL),('please',0,123,'12:31.231','asdas',281.43,4.30,'Medium','Not Very',3.00,'asdd','NSPHkjQiAaOqrjD6hZ5e9L1oYf43','2022-02-09 23:01:27',NULL),('please',0,123,'12:31.231','asdas',136.99,3.00,'Medium','Not Very',3.00,'dasdasd','NSPHkjQiAaOqrjD6hZ5e9L1oYf43','2022-02-09 22:53:58',NULL),('Danimalls',5,87,'26:26.308','Dark Sabotage',521.37,7.30,'Medium','Very',5.00,'Qkoosy','Z4Z5BjdOcHe6PDRbPqnwCyUvOQ52','2022-02-09 00:09:20',NULL),('please',0,70,'26:33.714','Erebus',930.03,8.30,'Long','Moderately',4.00,'matthew_wayne','NSPHkjQiAaOqrjD6hZ5e9L1oYf43','2022-02-10 06:53:09','https://www.youtube.com/watch?v=0PRjKjIuS5c'),('Danimalls',2,35,'17:00.731','Flabbergasted',1467.37,8.00,'Long','Moderately',4.00,'Cavemandave247','Z4Z5BjdOcHe6PDRbPqnwCyUvOQ52','2022-02-09 00:11:52',NULL),('Danimalls',2,19,'07:14.380','Fuji',860.93,7.00,'Medium','Very',5.00,'Skilbo_Baggins','Z4Z5BjdOcHe6PDRbPqnwCyUvOQ52','2022-02-09 00:06:12',NULL),('Danimalls',7,53,'28:23.896','Infinity',607.55,8.00,'Long','Extremely',5.00,'Cavemandave247','Z4Z5BjdOcHe6PDRbPqnwCyUvOQ52','2022-02-09 00:11:00',NULL),('please',0,141,'12:51.515','looloo',380.15,4.40,'Medium','Moderately',3.00,'llollo','NSPHkjQiAaOqrjD6hZ5e9L1oYf43','2022-02-18 19:27:43',''),('Danimalls',4,18,'07:44.145','Luscious',883.49,7.10,'Medium','Very',5.00,'Classyfication','Z4Z5BjdOcHe6PDRbPqnwCyUvOQ52','2022-02-09 00:01:23',NULL),('RJ Burgerr1',1,0,'02:49.087','Madoka',1056.73,6.00,'Medium','Moderately',5.00,'Qkoosy','iSD7u2cJe2QywG8FK9Yjci3rEKo1','2022-02-09 08:32:20',NULL),('Danimalls',3,26,'08:52.783','Malicious',856.16,7.20,'Medium','Very',5.00,'Qkoosy','Z4Z5BjdOcHe6PDRbPqnwCyUvOQ52','2022-02-09 00:07:59',NULL),('please',0,123,'12:31.231','maoaomooo',357.99,5.60,'Medium','Not At All',3.00,'kaooakooo','NSPHkjQiAaOqrjD6hZ5e9L1oYf43','2022-02-18 19:25:51',''),('please',0,123,'12:31.231','maoomooo',357.99,5.60,'Medium','Not At All',3.00,'kaookooo','NSPHkjQiAaOqrjD6hZ5e9L1oYf43','2022-02-18 19:25:28',''),('please',0,123,'12:31.231','moomoo',357.99,5.60,'Medium','Not At All',3.00,'kookoo','NSPHkjQiAaOqrjD6hZ5e9L1oYf43','2022-02-18 19:24:01',''),('please',0,123,'12:31.231','moomooo',357.99,5.60,'Medium','Not At All',3.00,'kookooo','NSPHkjQiAaOqrjD6hZ5e9L1oYf43','2022-02-18 19:24:35',''),('testuser2',0,123,'12:31.231','omjowefmo',156.28,3.70,'Medium','Not At All',3.00,'omwoefmo','G44Vx0eJn8c12fC4im8I994iZWT2','2022-02-09 10:20:54',NULL),('please',0,123,'12:31.231','plaspl',95.13,2.50,'Medium','Not Very',4.00,'apsldp','NSPHkjQiAaOqrjD6hZ5e9L1oYf43','2022-02-18 18:57:40',''),('please',0,123,'12:31.231','qfqwf',357.99,5.60,'Medium','Not At All',3.00,'qwfqwf','NSPHkjQiAaOqrjD6hZ5e9L1oYf43','2022-02-18 19:10:17',''),('please',0,123,'12:31.231','qfqwfd',357.99,5.60,'Medium','Not At All',3.00,'qwfqwfd','NSPHkjQiAaOqrjD6hZ5e9L1oYf43','2022-02-18 19:17:29',''),('please',0,123,'21:31.231','qwdfqwdpl',165.83,3.60,'Medium','Not Very',4.00,'qwedfplp123','NSPHkjQiAaOqrjD6hZ5e9L1oYf43','2022-02-18 19:07:38',''),('please',0,123,'21:31.231','qwdfqwdpld',165.83,3.60,'Medium','Not Very',4.00,'qwedfplp123d','NSPHkjQiAaOqrjD6hZ5e9L1oYf43','2022-02-18 19:08:07',''),('testuser2',0,123,'12:31.231','qwdqwd',175.95,3.40,'Medium','Not Very',4.00,'qwdqwd','G44Vx0eJn8c12fC4im8I994iZWT2','2022-02-09 10:19:15',NULL),('testuser2',0,123,'12:31.231','qwdqwdewv',175.95,3.40,'Medium','Not Very',4.00,'qwdqwdvwe','G44Vx0eJn8c12fC4im8I994iZWT2','2022-02-09 10:20:02',NULL),('Danimalls',13,64,'16:48.517','Sabotage',825.57,7.00,'Medium','Moderately',5.00,'Slikscythez','Z4Z5BjdOcHe6PDRbPqnwCyUvOQ52','2022-02-09 00:02:32',NULL),('please',0,123,'12:31.231','saefsgfwsef',176.80,4.40,'Long','Not At All',3.00,'wefwef','NSPHkjQiAaOqrjD6hZ5e9L1oYf43','2022-02-10 04:49:09','https://www.youtube.com/watch?v=unEjnnAx8mM'),('RJ Burgerr1',1,0,'02:08.362','The 7 Titans',1002.33,5.20,'Medium','Not Very',5.00,'Slikscythez','iSD7u2cJe2QywG8FK9Yjci3rEKo1','2022-02-09 06:36:09',NULL),('Danimalls',7,98,'24:29.602','Vicious',640.93,8.00,'Medium','Very',5.00,'Slikscythez','Z4Z5BjdOcHe6PDRbPqnwCyUvOQ52','2022-02-09 00:10:15',NULL),('Danimalls',9,223,'28:13.595','Vicit',746.68,7.60,'Long','Moderately',4.00,'Danimalls','Z4Z5BjdOcHe6PDRbPqnwCyUvOQ52','2022-02-09 00:05:22',NULL),('please',0,123,'12:31.231','vqwdv',176.90,4.30,'Short','Not Very',3.00,'wvqwdq','NSPHkjQiAaOqrjD6hZ5e9L1oYf43','2022-02-09 10:22:31',NULL),('SunRiiZe',10,112,'18:34.866','Within',971.58,7.00,'Medium','Extremely',5.00,'ZZZZZZach','4CMFkHPTFIRAgb9bEBLThN9gcTf2','2022-02-08 22:50:43',NULL),('Danimalls',9,63,'20:36.739','Within',1031.12,7.00,'Medium','Very',5.00,'ZZZZZZach','Z4Z5BjdOcHe6PDRbPqnwCyUvOQ52','2022-02-08 23:55:39',NULL);
/*!40000 ALTER TABLE `runs` ENABLE KEYS */;
UNLOCK TABLES;

--
-- Table structure for table `runshistory`
--

DROP TABLE IF EXISTS `runshistory`;
/*!40101 SET @saved_cs_client     = @@character_set_client */;
/*!50503 SET character_set_client = utf8mb4 */;
CREATE TABLE `runshistory` (
  `rider` varchar(45) NOT NULL,
  `rank` int DEFAULT NULL,
  `faults` int NOT NULL,
  `time` varchar(9) NOT NULL,
  `track-name` varchar(45) NOT NULL,
  `ninja-points` float(7,2) DEFAULT NULL,
  `ninja-level` float(3,2) NOT NULL,
  `length` enum('Short','Medium','Long') NOT NULL,
  `consistency` enum('Not At All','Not Very','Moderately','Very','Extremely') NOT NULL,
  `rating` float(3,2) DEFAULT NULL,
  `creator` varchar(45) NOT NULL,
  `id` varchar(29) NOT NULL,
  `date` datetime NOT NULL DEFAULT CURRENT_TIMESTAMP,
  `video` varchar(100) DEFAULT NULL,
  `history-dates` datetime NOT NULL DEFAULT CURRENT_TIMESTAMP,
  `index` int NOT NULL AUTO_INCREMENT,
  PRIMARY KEY (`index`)
) ENGINE=InnoDB AUTO_INCREMENT=4230 DEFAULT CHARSET=utf8mb4 COLLATE=utf8mb4_0900_ai_ci;
/*!40101 SET character_set_client = @saved_cs_client */;

--
-- Dumping data for table `runshistory`
--

LOCK TABLES `runshistory` WRITE;
/*!40000 ALTER TABLE `runshistory` DISABLE KEYS */;
INSERT INTO `runshistory` VALUES ('please',0,123,'12:31.231','afadfadf',507.36,5.00,'Medium','Moderately',3.00,'wefwefwef','NSPHkjQiAaOqrjD6hZ5e9L1oYf43','2022-02-10 04:36:49',NULL,'2022-02-10 08:00:00',4110),('Danimalls',5,67,'16:35.075','Annihilation',839.07,7.30,'Long','Very',5.00,'Qkoosy','Z4Z5BjdOcHe6PDRbPqnwCyUvOQ52','2022-02-09 00:03:55',NULL,'2022-02-10 08:00:00',4111),('RJ Burgerr1',1,0,'03:11.813','Apostle',1086.00,6.10,'Medium','Moderately',5.00,'Qkoosy','iSD7u2cJe2QywG8FK9Yjci3rEKo1','2022-02-09 06:40:56',NULL,'2022-02-10 08:00:00',4112),('please',0,123,'12:31.231','asdas',281.43,4.30,'Medium','Not Very',3.00,'asdd','NSPHkjQiAaOqrjD6hZ5e9L1oYf43','2022-02-09 23:01:27',NULL,'2022-02-10 08:00:00',4113),('please',0,123,'12:31.231','asdas',136.99,3.00,'Medium','Not Very',3.00,'dasdasd','NSPHkjQiAaOqrjD6hZ5e9L1oYf43','2022-02-09 22:53:58',NULL,'2022-02-10 08:00:00',4114),('Danimalls',5,87,'26:26.308','Dark Sabotage',521.37,7.30,'Medium','Very',5.00,'Qkoosy','Z4Z5BjdOcHe6PDRbPqnwCyUvOQ52','2022-02-09 00:09:20',NULL,'2022-02-10 08:00:00',4115),('please',0,70,'26:33.714','Erebus',930.03,8.30,'Long','Moderately',4.00,'matthew_wayne','NSPHkjQiAaOqrjD6hZ5e9L1oYf43','2022-02-10 06:53:09','https://www.youtube.com/watch?v=0PRjKjIuS5c','2022-02-10 08:00:00',4116),('Danimalls',2,35,'17:00.731','Flabbergasted',1467.37,8.00,'Long','Moderately',4.00,'Cavemandave247','Z4Z5BjdOcHe6PDRbPqnwCyUvOQ52','2022-02-09 00:11:52',NULL,'2022-02-10 08:00:00',4117),('Danimalls',2,19,'07:14.380','Fuji',860.93,7.00,'Medium','Very',5.00,'Skilbo_Baggins','Z4Z5BjdOcHe6PDRbPqnwCyUvOQ52','2022-02-09 00:06:12',NULL,'2022-02-10 08:00:00',4118),('Danimalls',7,53,'28:23.896','Infinity',607.55,8.00,'Long','Extremely',5.00,'Cavemandave247','Z4Z5BjdOcHe6PDRbPqnwCyUvOQ52','2022-02-09 00:11:00',NULL,'2022-02-10 08:00:00',4119),('Danimalls',4,18,'07:44.145','Luscious',883.49,7.10,'Medium','Very',5.00,'Classyfication','Z4Z5BjdOcHe6PDRbPqnwCyUvOQ52','2022-02-09 00:01:23',NULL,'2022-02-10 08:00:00',4120),('RJ Burgerr1',1,0,'02:49.087','Madoka',1056.73,6.00,'Medium','Moderately',5.00,'Qkoosy','iSD7u2cJe2QywG8FK9Yjci3rEKo1','2022-02-09 08:32:20',NULL,'2022-02-10 08:00:00',4121),('Danimalls',3,26,'08:52.783','Malicious',856.16,7.20,'Medium','Very',5.00,'Qkoosy','Z4Z5BjdOcHe6PDRbPqnwCyUvOQ52','2022-02-09 00:07:59',NULL,'2022-02-10 08:00:00',4122),('testuser2',0,123,'12:31.231','omjowefmo',156.28,3.70,'Medium','Not At All',3.00,'omwoefmo','G44Vx0eJn8c12fC4im8I994iZWT2','2022-02-09 10:20:54',NULL,'2022-02-10 08:00:00',4123),('testuser2',0,123,'12:31.231','qwdqwd',175.95,3.40,'Medium','Not Very',4.00,'qwdqwd','G44Vx0eJn8c12fC4im8I994iZWT2','2022-02-09 10:19:15',NULL,'2022-02-10 08:00:00',4124),('testuser2',0,123,'12:31.231','qwdqwdewv',175.95,3.40,'Medium','Not Very',4.00,'qwdqwdvwe','G44Vx0eJn8c12fC4im8I994iZWT2','2022-02-09 10:20:02',NULL,'2022-02-10 08:00:00',4125),('Danimalls',13,64,'16:48.517','Sabotage',825.57,7.00,'Medium','Moderately',5.00,'Slikscythez','Z4Z5BjdOcHe6PDRbPqnwCyUvOQ52','2022-02-09 00:02:32',NULL,'2022-02-10 08:00:00',4126),('please',0,123,'12:31.231','saefsgfwsef',176.80,4.40,'Long','Not At All',3.00,'wefwef','NSPHkjQiAaOqrjD6hZ5e9L1oYf43','2022-02-10 04:49:09','https://www.youtube.com/watch?v=unEjnnAx8mM','2022-02-10 08:00:00',4127),('RJ Burgerr1',1,0,'02:08.362','The 7 Titans',1002.33,5.20,'Medium','Not Very',5.00,'Slikscythez','iSD7u2cJe2QywG8FK9Yjci3rEKo1','2022-02-09 06:36:09',NULL,'2022-02-10 08:00:00',4128),('Danimalls',7,98,'24:29.602','Vicious',640.93,8.00,'Medium','Very',5.00,'Slikscythez','Z4Z5BjdOcHe6PDRbPqnwCyUvOQ52','2022-02-09 00:10:15',NULL,'2022-02-10 08:00:00',4129),('Danimalls',9,223,'28:13.595','Vicit',746.68,7.60,'Long','Moderately',4.00,'Danimalls','Z4Z5BjdOcHe6PDRbPqnwCyUvOQ52','2022-02-09 00:05:22',NULL,'2022-02-10 08:00:00',4130),('please',0,123,'12:31.231','vqwdv',281.43,4.30,'Medium','Not Very',3.00,'wvqwdq','NSPHkjQiAaOqrjD6hZ5e9L1oYf43','2022-02-09 10:22:31',NULL,'2022-02-10 08:00:00',4131),('SunRiiZe',10,112,'18:34.866','Within',971.58,7.00,'Medium','Extremely',5.00,'ZZZZZZach','4CMFkHPTFIRAgb9bEBLThN9gcTf2','2022-02-08 22:50:43',NULL,'2022-02-10 08:00:00',4132),('Danimalls',9,63,'20:36.739','Within',1031.12,7.00,'Medium','Very',5.00,'ZZZZZZach','Z4Z5BjdOcHe6PDRbPqnwCyUvOQ52','2022-02-08 23:55:39',NULL,'2022-02-10 08:00:00',4133),('please',0,123,'12:31.231','afadfadf',507.36,5.00,'Medium','Moderately',3.00,'wefwefwef','NSPHkjQiAaOqrjD6hZ5e9L1oYf43','2022-02-10 04:36:49',NULL,'2022-02-11 08:00:06',4134),('Danimalls',5,67,'16:35.075','Annihilation',839.07,7.30,'Long','Very',5.00,'Qkoosy','Z4Z5BjdOcHe6PDRbPqnwCyUvOQ52','2022-02-09 00:03:55',NULL,'2022-02-11 08:00:06',4135),('RJ Burgerr1',1,0,'03:11.813','Apostle',1086.00,6.10,'Medium','Moderately',5.00,'Qkoosy','iSD7u2cJe2QywG8FK9Yjci3rEKo1','2022-02-09 06:40:56',NULL,'2022-02-11 08:00:06',4136),('please',0,123,'12:31.231','asdas',281.43,4.30,'Medium','Not Very',3.00,'asdd','NSPHkjQiAaOqrjD6hZ5e9L1oYf43','2022-02-09 23:01:27',NULL,'2022-02-11 08:00:06',4137),('please',0,123,'12:31.231','asdas',136.99,3.00,'Medium','Not Very',3.00,'dasdasd','NSPHkjQiAaOqrjD6hZ5e9L1oYf43','2022-02-09 22:53:58',NULL,'2022-02-11 08:00:06',4138),('Danimalls',5,87,'26:26.308','Dark Sabotage',521.37,7.30,'Medium','Very',5.00,'Qkoosy','Z4Z5BjdOcHe6PDRbPqnwCyUvOQ52','2022-02-09 00:09:20',NULL,'2022-02-11 08:00:06',4139),('please',0,70,'26:33.714','Erebus',930.03,8.30,'Long','Moderately',4.00,'matthew_wayne','NSPHkjQiAaOqrjD6hZ5e9L1oYf43','2022-02-10 06:53:09','https://www.youtube.com/watch?v=0PRjKjIuS5c','2022-02-11 08:00:06',4140),('Danimalls',2,35,'17:00.731','Flabbergasted',1467.37,8.00,'Long','Moderately',4.00,'Cavemandave247','Z4Z5BjdOcHe6PDRbPqnwCyUvOQ52','2022-02-09 00:11:52',NULL,'2022-02-11 08:00:06',4141),('Danimalls',2,19,'07:14.380','Fuji',860.93,7.00,'Medium','Very',5.00,'Skilbo_Baggins','Z4Z5BjdOcHe6PDRbPqnwCyUvOQ52','2022-02-09 00:06:12',NULL,'2022-02-11 08:00:06',4142),('Danimalls',7,53,'28:23.896','Infinity',607.55,8.00,'Long','Extremely',5.00,'Cavemandave247','Z4Z5BjdOcHe6PDRbPqnwCyUvOQ52','2022-02-09 00:11:00',NULL,'2022-02-11 08:00:06',4143),('Danimalls',4,18,'07:44.145','Luscious',883.49,7.10,'Medium','Very',5.00,'Classyfication','Z4Z5BjdOcHe6PDRbPqnwCyUvOQ52','2022-02-09 00:01:23',NULL,'2022-02-11 08:00:06',4144),('RJ Burgerr1',1,0,'02:49.087','Madoka',1056.73,6.00,'Medium','Moderately',5.00,'Qkoosy','iSD7u2cJe2QywG8FK9Yjci3rEKo1','2022-02-09 08:32:20',NULL,'2022-02-11 08:00:06',4145),('Danimalls',3,26,'08:52.783','Malicious',856.16,7.20,'Medium','Very',5.00,'Qkoosy','Z4Z5BjdOcHe6PDRbPqnwCyUvOQ52','2022-02-09 00:07:59',NULL,'2022-02-11 08:00:06',4146),('testuser2',0,123,'12:31.231','omjowefmo',156.28,3.70,'Medium','Not At All',3.00,'omwoefmo','G44Vx0eJn8c12fC4im8I994iZWT2','2022-02-09 10:20:54',NULL,'2022-02-11 08:00:06',4147),('testuser2',0,123,'12:31.231','qwdqwd',175.95,3.40,'Medium','Not Very',4.00,'qwdqwd','G44Vx0eJn8c12fC4im8I994iZWT2','2022-02-09 10:19:15',NULL,'2022-02-11 08:00:06',4148),('testuser2',0,123,'12:31.231','qwdqwdewv',175.95,3.40,'Medium','Not Very',4.00,'qwdqwdvwe','G44Vx0eJn8c12fC4im8I994iZWT2','2022-02-09 10:20:02',NULL,'2022-02-11 08:00:06',4149),('Danimalls',13,64,'16:48.517','Sabotage',825.57,7.00,'Medium','Moderately',5.00,'Slikscythez','Z4Z5BjdOcHe6PDRbPqnwCyUvOQ52','2022-02-09 00:02:32',NULL,'2022-02-11 08:00:06',4150),('please',0,123,'12:31.231','saefsgfwsef',176.80,4.40,'Long','Not At All',3.00,'wefwef','NSPHkjQiAaOqrjD6hZ5e9L1oYf43','2022-02-10 04:49:09','https://www.youtube.com/watch?v=unEjnnAx8mM','2022-02-11 08:00:06',4151),('RJ Burgerr1',1,0,'02:08.362','The 7 Titans',1002.33,5.20,'Medium','Not Very',5.00,'Slikscythez','iSD7u2cJe2QywG8FK9Yjci3rEKo1','2022-02-09 06:36:09',NULL,'2022-02-11 08:00:06',4152),('Danimalls',7,98,'24:29.602','Vicious',640.93,8.00,'Medium','Very',5.00,'Slikscythez','Z4Z5BjdOcHe6PDRbPqnwCyUvOQ52','2022-02-09 00:10:15',NULL,'2022-02-11 08:00:06',4153),('Danimalls',9,223,'28:13.595','Vicit',746.68,7.60,'Long','Moderately',4.00,'Danimalls','Z4Z5BjdOcHe6PDRbPqnwCyUvOQ52','2022-02-09 00:05:22',NULL,'2022-02-11 08:00:06',4154),('please',0,123,'12:31.231','vqwdv',281.43,4.30,'Medium','Not Very',3.00,'wvqwdq','NSPHkjQiAaOqrjD6hZ5e9L1oYf43','2022-02-09 10:22:31',NULL,'2022-02-11 08:00:06',4155),('SunRiiZe',10,112,'18:34.866','Within',971.58,7.00,'Medium','Extremely',5.00,'ZZZZZZach','4CMFkHPTFIRAgb9bEBLThN9gcTf2','2022-02-08 22:50:43',NULL,'2022-02-11 08:00:06',4156),('Danimalls',9,63,'20:36.739','Within',1031.12,7.00,'Medium','Very',5.00,'ZZZZZZach','Z4Z5BjdOcHe6PDRbPqnwCyUvOQ52','2022-02-08 23:55:39',NULL,'2022-02-11 08:00:06',4157),('please',0,123,'12:31.231','afadfadf',507.36,5.00,'Medium','Moderately',3.00,'wefwefwef','NSPHkjQiAaOqrjD6hZ5e9L1oYf43','2022-02-10 04:36:49',NULL,'2022-02-12 08:00:10',4158),('Danimalls',5,67,'16:35.075','Annihilation',839.07,7.30,'Long','Very',5.00,'Qkoosy','Z4Z5BjdOcHe6PDRbPqnwCyUvOQ52','2022-02-09 00:03:55',NULL,'2022-02-12 08:00:10',4159),('RJ Burgerr1',1,0,'03:11.813','Apostle',1086.00,6.10,'Medium','Moderately',5.00,'Qkoosy','iSD7u2cJe2QywG8FK9Yjci3rEKo1','2022-02-09 06:40:56',NULL,'2022-02-12 08:00:10',4160),('please',0,123,'12:31.231','asdas',281.43,4.30,'Medium','Not Very',3.00,'asdd','NSPHkjQiAaOqrjD6hZ5e9L1oYf43','2022-02-09 23:01:27',NULL,'2022-02-12 08:00:10',4161),('please',0,123,'12:31.231','asdas',136.99,3.00,'Medium','Not Very',3.00,'dasdasd','NSPHkjQiAaOqrjD6hZ5e9L1oYf43','2022-02-09 22:53:58',NULL,'2022-02-12 08:00:10',4162),('Danimalls',5,87,'26:26.308','Dark Sabotage',521.37,7.30,'Medium','Very',5.00,'Qkoosy','Z4Z5BjdOcHe6PDRbPqnwCyUvOQ52','2022-02-09 00:09:20',NULL,'2022-02-12 08:00:10',4163),('please',0,70,'26:33.714','Erebus',930.03,8.30,'Long','Moderately',4.00,'matthew_wayne','NSPHkjQiAaOqrjD6hZ5e9L1oYf43','2022-02-10 06:53:09','https://www.youtube.com/watch?v=0PRjKjIuS5c','2022-02-12 08:00:10',4164),('Danimalls',2,35,'17:00.731','Flabbergasted',1467.37,8.00,'Long','Moderately',4.00,'Cavemandave247','Z4Z5BjdOcHe6PDRbPqnwCyUvOQ52','2022-02-09 00:11:52',NULL,'2022-02-12 08:00:10',4165),('Danimalls',2,19,'07:14.380','Fuji',860.93,7.00,'Medium','Very',5.00,'Skilbo_Baggins','Z4Z5BjdOcHe6PDRbPqnwCyUvOQ52','2022-02-09 00:06:12',NULL,'2022-02-12 08:00:10',4166),('Danimalls',7,53,'28:23.896','Infinity',607.55,8.00,'Long','Extremely',5.00,'Cavemandave247','Z4Z5BjdOcHe6PDRbPqnwCyUvOQ52','2022-02-09 00:11:00',NULL,'2022-02-12 08:00:10',4167),('Danimalls',4,18,'07:44.145','Luscious',883.49,7.10,'Medium','Very',5.00,'Classyfication','Z4Z5BjdOcHe6PDRbPqnwCyUvOQ52','2022-02-09 00:01:23',NULL,'2022-02-12 08:00:10',4168),('RJ Burgerr1',1,0,'02:49.087','Madoka',1056.73,6.00,'Medium','Moderately',5.00,'Qkoosy','iSD7u2cJe2QywG8FK9Yjci3rEKo1','2022-02-09 08:32:20',NULL,'2022-02-12 08:00:10',4169),('Danimalls',3,26,'08:52.783','Malicious',856.16,7.20,'Medium','Very',5.00,'Qkoosy','Z4Z5BjdOcHe6PDRbPqnwCyUvOQ52','2022-02-09 00:07:59',NULL,'2022-02-12 08:00:10',4170),('testuser2',0,123,'12:31.231','omjowefmo',156.28,3.70,'Medium','Not At All',3.00,'omwoefmo','G44Vx0eJn8c12fC4im8I994iZWT2','2022-02-09 10:20:54',NULL,'2022-02-12 08:00:10',4171),('testuser2',0,123,'12:31.231','qwdqwd',175.95,3.40,'Medium','Not Very',4.00,'qwdqwd','G44Vx0eJn8c12fC4im8I994iZWT2','2022-02-09 10:19:15',NULL,'2022-02-12 08:00:10',4172),('testuser2',0,123,'12:31.231','qwdqwdewv',175.95,3.40,'Medium','Not Very',4.00,'qwdqwdvwe','G44Vx0eJn8c12fC4im8I994iZWT2','2022-02-09 10:20:02',NULL,'2022-02-12 08:00:10',4173),('Danimalls',13,64,'16:48.517','Sabotage',825.57,7.00,'Medium','Moderately',5.00,'Slikscythez','Z4Z5BjdOcHe6PDRbPqnwCyUvOQ52','2022-02-09 00:02:32',NULL,'2022-02-12 08:00:10',4174),('please',0,123,'12:31.231','saefsgfwsef',176.80,4.40,'Long','Not At All',3.00,'wefwef','NSPHkjQiAaOqrjD6hZ5e9L1oYf43','2022-02-10 04:49:09','https://www.youtube.com/watch?v=unEjnnAx8mM','2022-02-12 08:00:10',4175),('RJ Burgerr1',1,0,'02:08.362','The 7 Titans',1002.33,5.20,'Medium','Not Very',5.00,'Slikscythez','iSD7u2cJe2QywG8FK9Yjci3rEKo1','2022-02-09 06:36:09',NULL,'2022-02-12 08:00:10',4176),('Danimalls',7,98,'24:29.602','Vicious',640.93,8.00,'Medium','Very',5.00,'Slikscythez','Z4Z5BjdOcHe6PDRbPqnwCyUvOQ52','2022-02-09 00:10:15',NULL,'2022-02-12 08:00:10',4177),('Danimalls',9,223,'28:13.595','Vicit',746.68,7.60,'Long','Moderately',4.00,'Danimalls','Z4Z5BjdOcHe6PDRbPqnwCyUvOQ52','2022-02-09 00:05:22',NULL,'2022-02-12 08:00:10',4178),('please',0,123,'12:31.231','vqwdv',281.43,4.30,'Medium','Not Very',3.00,'wvqwdq','NSPHkjQiAaOqrjD6hZ5e9L1oYf43','2022-02-09 10:22:31',NULL,'2022-02-12 08:00:10',4179),('SunRiiZe',10,112,'18:34.866','Within',971.58,7.00,'Medium','Extremely',5.00,'ZZZZZZach','4CMFkHPTFIRAgb9bEBLThN9gcTf2','2022-02-08 22:50:43',NULL,'2022-02-12 08:00:10',4180),('Danimalls',9,63,'20:36.739','Within',1031.12,7.00,'Medium','Very',5.00,'ZZZZZZach','Z4Z5BjdOcHe6PDRbPqnwCyUvOQ52','2022-02-08 23:55:39',NULL,'2022-02-12 08:00:10',4181),('please',0,123,'12:31.231','afadfadf',507.36,5.00,'Medium','Moderately',3.00,'wefwefwef','NSPHkjQiAaOqrjD6hZ5e9L1oYf43','2022-02-10 04:36:49',NULL,'2022-02-14 08:00:00',4182),('Danimalls',5,67,'16:35.075','Annihilation',839.07,7.30,'Long','Very',5.00,'Qkoosy','Z4Z5BjdOcHe6PDRbPqnwCyUvOQ52','2022-02-09 00:03:55',NULL,'2022-02-14 08:00:00',4183),('RJ Burgerr1',1,0,'03:11.813','Apostle',1086.00,6.10,'Medium','Moderately',5.00,'Qkoosy','iSD7u2cJe2QywG8FK9Yjci3rEKo1','2022-02-09 06:40:56',NULL,'2022-02-14 08:00:00',4184),('please',0,123,'12:31.231','asdas',281.43,4.30,'Medium','Not Very',3.00,'asdd','NSPHkjQiAaOqrjD6hZ5e9L1oYf43','2022-02-09 23:01:27',NULL,'2022-02-14 08:00:00',4185),('please',0,123,'12:31.231','asdas',136.99,3.00,'Medium','Not Very',3.00,'dasdasd','NSPHkjQiAaOqrjD6hZ5e9L1oYf43','2022-02-09 22:53:58',NULL,'2022-02-14 08:00:00',4186),('Danimalls',5,87,'26:26.308','Dark Sabotage',521.37,7.30,'Medium','Very',5.00,'Qkoosy','Z4Z5BjdOcHe6PDRbPqnwCyUvOQ52','2022-02-09 00:09:20',NULL,'2022-02-14 08:00:00',4187),('please',0,70,'26:33.714','Erebus',930.03,8.30,'Long','Moderately',4.00,'matthew_wayne','NSPHkjQiAaOqrjD6hZ5e9L1oYf43','2022-02-10 06:53:09','https://www.youtube.com/watch?v=0PRjKjIuS5c','2022-02-14 08:00:00',4188),('Danimalls',2,35,'17:00.731','Flabbergasted',1467.37,8.00,'Long','Moderately',4.00,'Cavemandave247','Z4Z5BjdOcHe6PDRbPqnwCyUvOQ52','2022-02-09 00:11:52',NULL,'2022-02-14 08:00:00',4189),('Danimalls',2,19,'07:14.380','Fuji',860.93,7.00,'Medium','Very',5.00,'Skilbo_Baggins','Z4Z5BjdOcHe6PDRbPqnwCyUvOQ52','2022-02-09 00:06:12',NULL,'2022-02-14 08:00:00',4190),('Danimalls',7,53,'28:23.896','Infinity',607.55,8.00,'Long','Extremely',5.00,'Cavemandave247','Z4Z5BjdOcHe6PDRbPqnwCyUvOQ52','2022-02-09 00:11:00',NULL,'2022-02-14 08:00:00',4191),('Danimalls',4,18,'07:44.145','Luscious',883.49,7.10,'Medium','Very',5.00,'Classyfication','Z4Z5BjdOcHe6PDRbPqnwCyUvOQ52','2022-02-09 00:01:23',NULL,'2022-02-14 08:00:00',4192),('RJ Burgerr1',1,0,'02:49.087','Madoka',1056.73,6.00,'Medium','Moderately',5.00,'Qkoosy','iSD7u2cJe2QywG8FK9Yjci3rEKo1','2022-02-09 08:32:20',NULL,'2022-02-14 08:00:00',4193),('Danimalls',3,26,'08:52.783','Malicious',856.16,7.20,'Medium','Very',5.00,'Qkoosy','Z4Z5BjdOcHe6PDRbPqnwCyUvOQ52','2022-02-09 00:07:59',NULL,'2022-02-14 08:00:00',4194),('testuser2',0,123,'12:31.231','omjowefmo',156.28,3.70,'Medium','Not At All',3.00,'omwoefmo','G44Vx0eJn8c12fC4im8I994iZWT2','2022-02-09 10:20:54',NULL,'2022-02-14 08:00:00',4195),('testuser2',0,123,'12:31.231','qwdqwd',175.95,3.40,'Medium','Not Very',4.00,'qwdqwd','G44Vx0eJn8c12fC4im8I994iZWT2','2022-02-09 10:19:15',NULL,'2022-02-14 08:00:00',4196),('testuser2',0,123,'12:31.231','qwdqwdewv',175.95,3.40,'Medium','Not Very',4.00,'qwdqwdvwe','G44Vx0eJn8c12fC4im8I994iZWT2','2022-02-09 10:20:02',NULL,'2022-02-14 08:00:00',4197),('Danimalls',13,64,'16:48.517','Sabotage',825.57,7.00,'Medium','Moderately',5.00,'Slikscythez','Z4Z5BjdOcHe6PDRbPqnwCyUvOQ52','2022-02-09 00:02:32',NULL,'2022-02-14 08:00:00',4198),('please',0,123,'12:31.231','saefsgfwsef',176.80,4.40,'Long','Not At All',3.00,'wefwef','NSPHkjQiAaOqrjD6hZ5e9L1oYf43','2022-02-10 04:49:09','https://www.youtube.com/watch?v=unEjnnAx8mM','2022-02-14 08:00:00',4199),('RJ Burgerr1',1,0,'02:08.362','The 7 Titans',1002.33,5.20,'Medium','Not Very',5.00,'Slikscythez','iSD7u2cJe2QywG8FK9Yjci3rEKo1','2022-02-09 06:36:09',NULL,'2022-02-14 08:00:00',4200),('Danimalls',7,98,'24:29.602','Vicious',640.93,8.00,'Medium','Very',5.00,'Slikscythez','Z4Z5BjdOcHe6PDRbPqnwCyUvOQ52','2022-02-09 00:10:15',NULL,'2022-02-14 08:00:00',4201),('Danimalls',9,223,'28:13.595','Vicit',746.68,7.60,'Long','Moderately',4.00,'Danimalls','Z4Z5BjdOcHe6PDRbPqnwCyUvOQ52','2022-02-09 00:05:22',NULL,'2022-02-14 08:00:00',4202),('please',0,123,'12:31.231','vqwdv',281.43,4.30,'Medium','Not Very',3.00,'wvqwdq','NSPHkjQiAaOqrjD6hZ5e9L1oYf43','2022-02-09 10:22:31',NULL,'2022-02-14 08:00:00',4203),('SunRiiZe',10,112,'18:34.866','Within',971.58,7.00,'Medium','Extremely',5.00,'ZZZZZZach','4CMFkHPTFIRAgb9bEBLThN9gcTf2','2022-02-08 22:50:43',NULL,'2022-02-14 08:00:00',4204),('Danimalls',9,63,'20:36.739','Within',1031.12,7.00,'Medium','Very',5.00,'ZZZZZZach','Z4Z5BjdOcHe6PDRbPqnwCyUvOQ52','2022-02-08 23:55:39',NULL,'2022-02-14 08:00:00',4205),('please',0,123,'12:31.231','afadfadf',507.36,5.00,'Medium','Moderately',3.00,'wefwefwef','NSPHkjQiAaOqrjD6hZ5e9L1oYf43','2022-02-10 04:36:49',NULL,'2022-02-17 08:00:00',4206),('Danimalls',5,67,'16:35.075','Annihilation',839.07,7.30,'Long','Very',5.00,'Qkoosy','Z4Z5BjdOcHe6PDRbPqnwCyUvOQ52','2022-02-09 00:03:55',NULL,'2022-02-17 08:00:00',4207),('RJ Burgerr1',1,0,'03:11.813','Apostle',1086.00,6.10,'Medium','Moderately',5.00,'Qkoosy','iSD7u2cJe2QywG8FK9Yjci3rEKo1','2022-02-09 06:40:56',NULL,'2022-02-17 08:00:00',4208),('please',0,123,'12:31.231','asdas',281.43,4.30,'Medium','Not Very',3.00,'asdd','NSPHkjQiAaOqrjD6hZ5e9L1oYf43','2022-02-09 23:01:27',NULL,'2022-02-17 08:00:00',4209),('please',0,123,'12:31.231','asdas',136.99,3.00,'Medium','Not Very',3.00,'dasdasd','NSPHkjQiAaOqrjD6hZ5e9L1oYf43','2022-02-09 22:53:58',NULL,'2022-02-17 08:00:00',4210),('Danimalls',5,87,'26:26.308','Dark Sabotage',521.37,7.30,'Medium','Very',5.00,'Qkoosy','Z4Z5BjdOcHe6PDRbPqnwCyUvOQ52','2022-02-09 00:09:20',NULL,'2022-02-17 08:00:00',4211),('please',0,70,'26:33.714','Erebus',930.03,8.30,'Long','Moderately',4.00,'matthew_wayne','NSPHkjQiAaOqrjD6hZ5e9L1oYf43','2022-02-10 06:53:09','https://www.youtube.com/watch?v=0PRjKjIuS5c','2022-02-17 08:00:00',4212),('Danimalls',2,35,'17:00.731','Flabbergasted',1467.37,8.00,'Long','Moderately',4.00,'Cavemandave247','Z4Z5BjdOcHe6PDRbPqnwCyUvOQ52','2022-02-09 00:11:52',NULL,'2022-02-17 08:00:00',4213),('Danimalls',2,19,'07:14.380','Fuji',860.93,7.00,'Medium','Very',5.00,'Skilbo_Baggins','Z4Z5BjdOcHe6PDRbPqnwCyUvOQ52','2022-02-09 00:06:12',NULL,'2022-02-17 08:00:00',4214),('Danimalls',7,53,'28:23.896','Infinity',607.55,8.00,'Long','Extremely',5.00,'Cavemandave247','Z4Z5BjdOcHe6PDRbPqnwCyUvOQ52','2022-02-09 00:11:00',NULL,'2022-02-17 08:00:00',4215),('Danimalls',4,18,'07:44.145','Luscious',883.49,7.10,'Medium','Very',5.00,'Classyfication','Z4Z5BjdOcHe6PDRbPqnwCyUvOQ52','2022-02-09 00:01:23',NULL,'2022-02-17 08:00:00',4216),('RJ Burgerr1',1,0,'02:49.087','Madoka',1056.73,6.00,'Medium','Moderately',5.00,'Qkoosy','iSD7u2cJe2QywG8FK9Yjci3rEKo1','2022-02-09 08:32:20',NULL,'2022-02-17 08:00:00',4217),('Danimalls',3,26,'08:52.783','Malicious',856.16,7.20,'Medium','Very',5.00,'Qkoosy','Z4Z5BjdOcHe6PDRbPqnwCyUvOQ52','2022-02-09 00:07:59',NULL,'2022-02-17 08:00:00',4218),('testuser2',0,123,'12:31.231','omjowefmo',156.28,3.70,'Medium','Not At All',3.00,'omwoefmo','G44Vx0eJn8c12fC4im8I994iZWT2','2022-02-09 10:20:54',NULL,'2022-02-17 08:00:00',4219),('testuser2',0,123,'12:31.231','qwdqwd',175.95,3.40,'Medium','Not Very',4.00,'qwdqwd','G44Vx0eJn8c12fC4im8I994iZWT2','2022-02-09 10:19:15',NULL,'2022-02-17 08:00:00',4220),('testuser2',0,123,'12:31.231','qwdqwdewv',175.95,3.40,'Medium','Not Very',4.00,'qwdqwdvwe','G44Vx0eJn8c12fC4im8I994iZWT2','2022-02-09 10:20:02',NULL,'2022-02-17 08:00:00',4221),('Danimalls',13,64,'16:48.517','Sabotage',825.57,7.00,'Medium','Moderately',5.00,'Slikscythez','Z4Z5BjdOcHe6PDRbPqnwCyUvOQ52','2022-02-09 00:02:32',NULL,'2022-02-17 08:00:00',4222),('please',0,123,'12:31.231','saefsgfwsef',176.80,4.40,'Long','Not At All',3.00,'wefwef','NSPHkjQiAaOqrjD6hZ5e9L1oYf43','2022-02-10 04:49:09','https://www.youtube.com/watch?v=unEjnnAx8mM','2022-02-17 08:00:00',4223),('RJ Burgerr1',1,0,'02:08.362','The 7 Titans',1002.33,5.20,'Medium','Not Very',5.00,'Slikscythez','iSD7u2cJe2QywG8FK9Yjci3rEKo1','2022-02-09 06:36:09',NULL,'2022-02-17 08:00:00',4224),('Danimalls',7,98,'24:29.602','Vicious',640.93,8.00,'Medium','Very',5.00,'Slikscythez','Z4Z5BjdOcHe6PDRbPqnwCyUvOQ52','2022-02-09 00:10:15',NULL,'2022-02-17 08:00:00',4225),('Danimalls',9,223,'28:13.595','Vicit',746.68,7.60,'Long','Moderately',4.00,'Danimalls','Z4Z5BjdOcHe6PDRbPqnwCyUvOQ52','2022-02-09 00:05:22',NULL,'2022-02-17 08:00:00',4226),('please',0,123,'12:31.231','vqwdv',281.43,4.30,'Medium','Not Very',3.00,'wvqwdq','NSPHkjQiAaOqrjD6hZ5e9L1oYf43','2022-02-09 10:22:31',NULL,'2022-02-17 08:00:00',4227),('SunRiiZe',10,112,'18:34.866','Within',971.58,7.00,'Medium','Extremely',5.00,'ZZZZZZach','4CMFkHPTFIRAgb9bEBLThN9gcTf2','2022-02-08 22:50:43',NULL,'2022-02-17 08:00:00',4228),('Danimalls',9,63,'20:36.739','Within',1031.12,7.00,'Medium','Very',5.00,'ZZZZZZach','Z4Z5BjdOcHe6PDRbPqnwCyUvOQ52','2022-02-08 23:55:39',NULL,'2022-02-17 08:00:00',4229);
/*!40000 ALTER TABLE `runshistory` ENABLE KEYS */;
UNLOCK TABLES;

--
-- Table structure for table `tracks`
--

DROP TABLE IF EXISTS `tracks`;
/*!40101 SET @saved_cs_client     = @@character_set_client */;
/*!50503 SET character_set_client = utf8mb4 */;
CREATE TABLE `tracks` (
  `track-name` varchar(45) NOT NULL,
  `creator` varchar(45) CHARACTER SET utf8 COLLATE utf8_unicode_ci NOT NULL,
  `ninja-level` decimal(3,2) DEFAULT NULL,
  `length` decimal(3,2) DEFAULT NULL,
  `average-faults` decimal(5,2) DEFAULT NULL,
  `consistency` decimal(3,2) DEFAULT NULL,
  `rating` decimal(2,1) DEFAULT NULL,
  `nRuns` int NOT NULL DEFAULT '0',
  `total-rating` decimal(10,2) NOT NULL DEFAULT '0.00',
  `total-consistency` decimal(10,2) NOT NULL DEFAULT '0.00',
  `total-length` decimal(10,2) NOT NULL DEFAULT '0.00',
  `total-faults` int NOT NULL DEFAULT '0',
  `total-ninja-level` decimal(10,2) NOT NULL DEFAULT '0.00',
  `average-np` float(7,2) NOT NULL DEFAULT '0.00',
  `total-np` float(10,2) NOT NULL DEFAULT '0.00',
  PRIMARY KEY (`track-name`,`creator`)
) ENGINE=InnoDB DEFAULT CHARSET=utf8mb4 COLLATE=utf8mb4_0900_ai_ci;
/*!40101 SET character_set_client = @saved_cs_client */;

--
-- Dumping data for table `tracks`
--

LOCK TABLES `tracks` WRITE;
/*!40000 ALTER TABLE `tracks` DISABLE KEYS */;
INSERT INTO `tracks` VALUES ('afadfadf','wefwefwef',5.00,1.75,123.00,1.60,3.0,1,3.00,1.60,1.75,123,5.00,0.00,0.00),('Annihilation','Qkoosy',7.30,1.75,67.00,1.20,5.0,1,5.00,1.20,1.75,67,7.30,0.00,0.00),('Apostle','Qkoosy',6.10,1.40,0.00,1.60,5.0,1,5.00,1.60,1.40,0,6.10,0.00,0.00),('asdas','asdd',4.30,1.75,123.00,1.20,3.0,1,3.00,1.20,1.75,123,4.30,0.00,0.00),('asdas','dasdasd',3.00,1.75,123.00,1.20,3.0,1,3.00,1.20,1.75,123,3.00,0.00,0.00),('Dark Sabotage','Qkoosy',7.30,1.40,87.00,1.20,5.0,1,5.00,1.20,1.40,87,7.30,0.00,0.00),('Erebus','matthew_wayne',8.30,1.40,70.00,1.60,4.0,1,4.00,1.60,1.40,70,8.30,0.00,0.00),('Flabbergasted','Cavemandave247',8.00,1.75,35.00,1.60,4.0,1,4.00,1.60,1.75,35,8.00,0.00,0.00),('Fuji','Skilbo_Baggins',7.00,1.40,19.00,1.20,5.0,1,5.00,1.20,1.40,19,7.00,0.00,0.00),('Infinity','Cavemandave247',8.00,1.75,53.00,0.90,5.0,1,5.00,0.90,1.75,53,8.00,0.00,0.00),('looloo','llollo',4.40,1.75,141.00,1.60,3.0,1,3.00,1.60,1.75,141,4.40,304.12,304.12),('Luscious','Classyfication',7.10,1.40,18.00,1.20,5.0,1,5.00,1.20,1.40,18,7.10,0.00,0.00),('Madoka','QKoosy',6.00,1.40,0.00,1.60,5.0,1,10.00,1.60,1.75,0,12.00,0.00,0.00),('Malicious','Qkoosy',7.20,1.40,26.00,1.20,5.0,1,5.00,1.20,1.40,26,7.20,0.00,0.00),('maoaomooo','kaooakooo',5.60,1.75,123.00,0.90,3.0,1,3.00,0.90,1.75,123,5.60,0.00,286.39),('maoomooo','kaookooo',5.60,1.75,123.00,0.90,3.0,1,3.00,0.90,1.75,123,5.60,0.00,286.39),('moomoo','kookoo',5.60,1.75,123.00,0.90,3.0,1,3.00,0.90,1.75,123,5.60,0.00,0.00),('moomooo','kookooo',5.60,1.75,123.00,0.90,3.0,1,3.00,0.90,1.75,123,5.60,0.00,0.00),('omjowefmo','omwoefmo',3.70,1.75,123.00,0.90,3.0,1,3.00,0.90,1.75,123,3.70,0.00,0.00),('plaspl','apsldp',2.50,1.75,123.00,1.20,4.0,1,4.00,1.20,1.75,123,2.50,0.00,0.00),('qfqwf','qwfqwf',5.60,1.75,123.00,0.90,3.0,1,3.00,0.90,1.75,123,5.60,0.00,286.39),('qfqwfd','qwfqwfd',5.60,1.75,123.00,0.90,3.0,1,3.00,0.90,1.75,123,5.60,0.00,286.39),('qwdfqwdpl','qwedfplp123',3.60,1.75,123.00,1.20,4.0,1,4.00,1.20,1.75,123,3.60,0.00,0.00),('qwdfqwdpld','qwedfplp123d',3.60,1.75,123.00,1.20,4.0,1,4.00,1.20,1.75,123,3.60,0.00,0.00),('qwdqwd','qwdqwd',3.40,1.75,123.00,1.20,4.0,1,4.00,1.20,1.75,123,3.40,0.00,0.00),('qwdqwdewv','qwdqwdvwe',3.40,1.75,123.00,1.20,4.0,1,4.00,1.20,1.75,123,3.40,0.00,0.00),('Sabotage','Slikscythez',7.00,1.40,64.00,1.60,5.0,1,5.00,1.60,1.40,64,7.00,0.00,0.00),('saefsgfwsef','wefwef',4.40,1.40,123.00,0.90,3.0,1,3.00,0.90,1.40,123,4.40,0.00,0.00),('The 7 Titans','Slikscythez',5.20,1.40,0.00,2.00,5.0,1,5.00,2.00,1.40,0,5.20,0.00,0.00),('Vicious','Slikscythez',8.00,1.40,98.00,1.20,5.0,1,5.00,1.20,1.40,98,8.00,0.00,0.00),('Vicit','Danimalls',7.60,1.75,223.00,1.60,4.0,1,4.00,1.60,1.75,223,7.60,0.00,0.00),('vqwdv','wvqwdq',4.30,1.10,123.00,1.20,3.0,1,3.00,1.20,1.75,123,4.30,0.00,0.00),('Within','ZZZZZZach',7.00,1.40,87.50,2.15,5.0,2,10.00,4.30,2.80,175,14.00,0.00,0.00);
/*!40000 ALTER TABLE `tracks` ENABLE KEYS */;
UNLOCK TABLES;

--
-- Table structure for table `trackshistory`
--

DROP TABLE IF EXISTS `trackshistory`;
/*!40101 SET @saved_cs_client     = @@character_set_client */;
/*!50503 SET character_set_client = utf8mb4 */;
CREATE TABLE `trackshistory` (
  `track-name` varchar(45) NOT NULL,
  `creator` varchar(45) CHARACTER SET utf8 COLLATE utf8_unicode_ci NOT NULL,
  `ninja-level` decimal(3,2) DEFAULT NULL,
  `length` decimal(3,2) DEFAULT NULL,
  `average-faults` decimal(5,2) DEFAULT NULL,
  `consistency` decimal(3,2) DEFAULT NULL,
  `rating` decimal(2,1) DEFAULT NULL,
  `nRuns` int NOT NULL DEFAULT '0',
  `total-rating` decimal(10,2) NOT NULL DEFAULT '0.00',
  `total-consistency` decimal(10,2) NOT NULL DEFAULT '0.00',
  `total-length` decimal(10,2) NOT NULL DEFAULT '0.00',
  `total-faults` int NOT NULL DEFAULT '0',
  `total-ninja-level` decimal(10,2) NOT NULL DEFAULT '0.00',
  `average-np` float(7,2) NOT NULL DEFAULT '0.00',
  `total-np` float(10,2) NOT NULL DEFAULT '0.00',
  `history-dates` datetime NOT NULL DEFAULT CURRENT_TIMESTAMP,
  `index` int NOT NULL AUTO_INCREMENT,
  PRIMARY KEY (`index`)
) ENGINE=InnoDB AUTO_INCREMENT=8736 DEFAULT CHARSET=utf8mb4 COLLATE=utf8mb4_0900_ai_ci;
/*!40101 SET character_set_client = @saved_cs_client */;

--
-- Dumping data for table `trackshistory`
--

LOCK TABLES `trackshistory` WRITE;
/*!40000 ALTER TABLE `trackshistory` DISABLE KEYS */;
INSERT INTO `trackshistory` VALUES ('afadfadf','wefwefwef',5.00,1.75,123.00,1.60,3.0,1,3.00,1.60,1.75,123,5.00,0.00,0.00,'2022-02-10 08:00:00',8621),('Annihilation','Qkoosy',7.30,1.75,67.00,1.20,5.0,1,5.00,1.20,1.75,67,7.30,0.00,0.00,'2022-02-10 08:00:00',8622),('Apostle','Qkoosy',6.10,1.40,0.00,1.60,5.0,1,5.00,1.60,1.40,0,6.10,0.00,0.00,'2022-02-10 08:00:00',8623),('asdas','asdd',4.30,1.75,123.00,1.20,3.0,1,3.00,1.20,1.75,123,4.30,0.00,0.00,'2022-02-10 08:00:00',8624),('asdas','dasdasd',3.00,1.75,123.00,1.20,3.0,1,3.00,1.20,1.75,123,3.00,0.00,0.00,'2022-02-10 08:00:00',8625),('Dark Sabotage','Qkoosy',7.30,1.40,87.00,1.20,5.0,1,5.00,1.20,1.40,87,7.30,0.00,0.00,'2022-02-10 08:00:00',8626),('Erebus','matthew_wayne',8.30,1.40,70.00,1.60,4.0,1,4.00,1.60,1.40,70,8.30,0.00,0.00,'2022-02-10 08:00:00',8627),('Flabbergasted','Cavemandave247',8.00,1.75,35.00,1.60,4.0,1,4.00,1.60,1.75,35,8.00,0.00,0.00,'2022-02-10 08:00:00',8628),('Fuji','Skilbo_Baggins',7.00,1.40,19.00,1.20,5.0,1,5.00,1.20,1.40,19,7.00,0.00,0.00,'2022-02-10 08:00:00',8629),('Infinity','Cavemandave247',8.00,1.75,53.00,0.90,5.0,1,5.00,0.90,1.75,53,8.00,0.00,0.00,'2022-02-10 08:00:00',8630),('Luscious','Classyfication',7.10,1.40,18.00,1.20,5.0,1,5.00,1.20,1.40,18,7.10,0.00,0.00,'2022-02-10 08:00:00',8631),('Madoka','QKoosy',6.00,1.40,0.00,1.60,5.0,1,10.00,1.60,1.75,0,12.00,0.00,0.00,'2022-02-10 08:00:00',8632),('Malicious','Qkoosy',7.20,1.40,26.00,1.20,5.0,1,5.00,1.20,1.40,26,7.20,0.00,0.00,'2022-02-10 08:00:00',8633),('omjowefmo','omwoefmo',3.70,1.75,123.00,0.90,3.0,1,3.00,0.90,1.75,123,3.70,0.00,0.00,'2022-02-10 08:00:00',8634),('qwdqwd','qwdqwd',3.40,1.75,123.00,1.20,4.0,1,4.00,1.20,1.75,123,3.40,0.00,0.00,'2022-02-10 08:00:00',8635),('qwdqwdewv','qwdqwdvwe',3.40,1.75,123.00,1.20,4.0,1,4.00,1.20,1.75,123,3.40,0.00,0.00,'2022-02-10 08:00:00',8636),('Sabotage','Slikscythez',7.00,1.40,64.00,1.60,5.0,1,5.00,1.60,1.40,64,7.00,0.00,0.00,'2022-02-10 08:00:00',8637),('saefsgfwsef','wefwef',4.40,1.40,123.00,0.90,3.0,1,3.00,0.90,1.40,123,4.40,0.00,0.00,'2022-02-10 08:00:00',8638),('The 7 Titans','Slikscythez',5.20,1.40,0.00,2.00,5.0,1,5.00,2.00,1.40,0,5.20,0.00,0.00,'2022-02-10 08:00:00',8639),('Vicious','Slikscythez',8.00,1.40,98.00,1.20,5.0,1,5.00,1.20,1.40,98,8.00,0.00,0.00,'2022-02-10 08:00:00',8640),('Vicit','Danimalls',7.60,1.75,223.00,1.60,4.0,1,4.00,1.60,1.75,223,7.60,0.00,0.00,'2022-02-10 08:00:00',8641),('vqwdv','wvqwdq',4.30,1.75,123.00,1.20,3.0,1,3.00,1.20,1.75,123,4.30,0.00,0.00,'2022-02-10 08:00:00',8642),('Within','ZZZZZZach',7.00,1.40,87.50,2.15,5.0,2,10.00,4.30,2.80,175,14.00,0.00,0.00,'2022-02-10 08:00:00',8643),('afadfadf','wefwefwef',5.00,1.75,123.00,1.60,3.0,1,3.00,1.60,1.75,123,5.00,0.00,0.00,'2022-02-11 08:00:06',8644),('Annihilation','Qkoosy',7.30,1.75,67.00,1.20,5.0,1,5.00,1.20,1.75,67,7.30,0.00,0.00,'2022-02-11 08:00:06',8645),('Apostle','Qkoosy',6.10,1.40,0.00,1.60,5.0,1,5.00,1.60,1.40,0,6.10,0.00,0.00,'2022-02-11 08:00:06',8646),('asdas','asdd',4.30,1.75,123.00,1.20,3.0,1,3.00,1.20,1.75,123,4.30,0.00,0.00,'2022-02-11 08:00:06',8647),('asdas','dasdasd',3.00,1.75,123.00,1.20,3.0,1,3.00,1.20,1.75,123,3.00,0.00,0.00,'2022-02-11 08:00:06',8648),('Dark Sabotage','Qkoosy',7.30,1.40,87.00,1.20,5.0,1,5.00,1.20,1.40,87,7.30,0.00,0.00,'2022-02-11 08:00:06',8649),('Erebus','matthew_wayne',8.30,1.40,70.00,1.60,4.0,1,4.00,1.60,1.40,70,8.30,0.00,0.00,'2022-02-11 08:00:06',8650),('Flabbergasted','Cavemandave247',8.00,1.75,35.00,1.60,4.0,1,4.00,1.60,1.75,35,8.00,0.00,0.00,'2022-02-11 08:00:06',8651),('Fuji','Skilbo_Baggins',7.00,1.40,19.00,1.20,5.0,1,5.00,1.20,1.40,19,7.00,0.00,0.00,'2022-02-11 08:00:06',8652),('Infinity','Cavemandave247',8.00,1.75,53.00,0.90,5.0,1,5.00,0.90,1.75,53,8.00,0.00,0.00,'2022-02-11 08:00:06',8653),('Luscious','Classyfication',7.10,1.40,18.00,1.20,5.0,1,5.00,1.20,1.40,18,7.10,0.00,0.00,'2022-02-11 08:00:06',8654),('Madoka','QKoosy',6.00,1.40,0.00,1.60,5.0,1,10.00,1.60,1.75,0,12.00,0.00,0.00,'2022-02-11 08:00:06',8655),('Malicious','Qkoosy',7.20,1.40,26.00,1.20,5.0,1,5.00,1.20,1.40,26,7.20,0.00,0.00,'2022-02-11 08:00:06',8656),('omjowefmo','omwoefmo',3.70,1.75,123.00,0.90,3.0,1,3.00,0.90,1.75,123,3.70,0.00,0.00,'2022-02-11 08:00:06',8657),('qwdqwd','qwdqwd',3.40,1.75,123.00,1.20,4.0,1,4.00,1.20,1.75,123,3.40,0.00,0.00,'2022-02-11 08:00:06',8658),('qwdqwdewv','qwdqwdvwe',3.40,1.75,123.00,1.20,4.0,1,4.00,1.20,1.75,123,3.40,0.00,0.00,'2022-02-11 08:00:06',8659),('Sabotage','Slikscythez',7.00,1.40,64.00,1.60,5.0,1,5.00,1.60,1.40,64,7.00,0.00,0.00,'2022-02-11 08:00:06',8660),('saefsgfwsef','wefwef',4.40,1.40,123.00,0.90,3.0,1,3.00,0.90,1.40,123,4.40,0.00,0.00,'2022-02-11 08:00:06',8661),('The 7 Titans','Slikscythez',5.20,1.40,0.00,2.00,5.0,1,5.00,2.00,1.40,0,5.20,0.00,0.00,'2022-02-11 08:00:06',8662),('Vicious','Slikscythez',8.00,1.40,98.00,1.20,5.0,1,5.00,1.20,1.40,98,8.00,0.00,0.00,'2022-02-11 08:00:06',8663),('Vicit','Danimalls',7.60,1.75,223.00,1.60,4.0,1,4.00,1.60,1.75,223,7.60,0.00,0.00,'2022-02-11 08:00:06',8664),('vqwdv','wvqwdq',4.30,1.75,123.00,1.20,3.0,1,3.00,1.20,1.75,123,4.30,0.00,0.00,'2022-02-11 08:00:06',8665),('Within','ZZZZZZach',7.00,1.40,87.50,2.15,5.0,2,10.00,4.30,2.80,175,14.00,0.00,0.00,'2022-02-11 08:00:06',8666),('afadfadf','wefwefwef',5.00,1.75,123.00,1.60,3.0,1,3.00,1.60,1.75,123,5.00,0.00,0.00,'2022-02-12 08:00:10',8667),('Annihilation','Qkoosy',7.30,1.75,67.00,1.20,5.0,1,5.00,1.20,1.75,67,7.30,0.00,0.00,'2022-02-12 08:00:10',8668),('Apostle','Qkoosy',6.10,1.40,0.00,1.60,5.0,1,5.00,1.60,1.40,0,6.10,0.00,0.00,'2022-02-12 08:00:10',8669),('asdas','asdd',4.30,1.75,123.00,1.20,3.0,1,3.00,1.20,1.75,123,4.30,0.00,0.00,'2022-02-12 08:00:10',8670),('asdas','dasdasd',3.00,1.75,123.00,1.20,3.0,1,3.00,1.20,1.75,123,3.00,0.00,0.00,'2022-02-12 08:00:10',8671),('Dark Sabotage','Qkoosy',7.30,1.40,87.00,1.20,5.0,1,5.00,1.20,1.40,87,7.30,0.00,0.00,'2022-02-12 08:00:10',8672),('Erebus','matthew_wayne',8.30,1.40,70.00,1.60,4.0,1,4.00,1.60,1.40,70,8.30,0.00,0.00,'2022-02-12 08:00:10',8673),('Flabbergasted','Cavemandave247',8.00,1.75,35.00,1.60,4.0,1,4.00,1.60,1.75,35,8.00,0.00,0.00,'2022-02-12 08:00:10',8674),('Fuji','Skilbo_Baggins',7.00,1.40,19.00,1.20,5.0,1,5.00,1.20,1.40,19,7.00,0.00,0.00,'2022-02-12 08:00:10',8675),('Infinity','Cavemandave247',8.00,1.75,53.00,0.90,5.0,1,5.00,0.90,1.75,53,8.00,0.00,0.00,'2022-02-12 08:00:10',8676),('Luscious','Classyfication',7.10,1.40,18.00,1.20,5.0,1,5.00,1.20,1.40,18,7.10,0.00,0.00,'2022-02-12 08:00:10',8677),('Madoka','QKoosy',6.00,1.40,0.00,1.60,5.0,1,10.00,1.60,1.75,0,12.00,0.00,0.00,'2022-02-12 08:00:10',8678),('Malicious','Qkoosy',7.20,1.40,26.00,1.20,5.0,1,5.00,1.20,1.40,26,7.20,0.00,0.00,'2022-02-12 08:00:10',8679),('omjowefmo','omwoefmo',3.70,1.75,123.00,0.90,3.0,1,3.00,0.90,1.75,123,3.70,0.00,0.00,'2022-02-12 08:00:10',8680),('qwdqwd','qwdqwd',3.40,1.75,123.00,1.20,4.0,1,4.00,1.20,1.75,123,3.40,0.00,0.00,'2022-02-12 08:00:10',8681),('qwdqwdewv','qwdqwdvwe',3.40,1.75,123.00,1.20,4.0,1,4.00,1.20,1.75,123,3.40,0.00,0.00,'2022-02-12 08:00:10',8682),('Sabotage','Slikscythez',7.00,1.40,64.00,1.60,5.0,1,5.00,1.60,1.40,64,7.00,0.00,0.00,'2022-02-12 08:00:10',8683),('saefsgfwsef','wefwef',4.40,1.40,123.00,0.90,3.0,1,3.00,0.90,1.40,123,4.40,0.00,0.00,'2022-02-12 08:00:10',8684),('The 7 Titans','Slikscythez',5.20,1.40,0.00,2.00,5.0,1,5.00,2.00,1.40,0,5.20,0.00,0.00,'2022-02-12 08:00:10',8685),('Vicious','Slikscythez',8.00,1.40,98.00,1.20,5.0,1,5.00,1.20,1.40,98,8.00,0.00,0.00,'2022-02-12 08:00:10',8686),('Vicit','Danimalls',7.60,1.75,223.00,1.60,4.0,1,4.00,1.60,1.75,223,7.60,0.00,0.00,'2022-02-12 08:00:10',8687),('vqwdv','wvqwdq',4.30,1.75,123.00,1.20,3.0,1,3.00,1.20,1.75,123,4.30,0.00,0.00,'2022-02-12 08:00:10',8688),('Within','ZZZZZZach',7.00,1.40,87.50,2.15,5.0,2,10.00,4.30,2.80,175,14.00,0.00,0.00,'2022-02-12 08:00:10',8689),('afadfadf','wefwefwef',5.00,1.75,123.00,1.60,3.0,1,3.00,1.60,1.75,123,5.00,0.00,0.00,'2022-02-14 08:00:00',8690),('Annihilation','Qkoosy',7.30,1.75,67.00,1.20,5.0,1,5.00,1.20,1.75,67,7.30,0.00,0.00,'2022-02-14 08:00:00',8691),('Apostle','Qkoosy',6.10,1.40,0.00,1.60,5.0,1,5.00,1.60,1.40,0,6.10,0.00,0.00,'2022-02-14 08:00:00',8692),('asdas','asdd',4.30,1.75,123.00,1.20,3.0,1,3.00,1.20,1.75,123,4.30,0.00,0.00,'2022-02-14 08:00:00',8693),('asdas','dasdasd',3.00,1.75,123.00,1.20,3.0,1,3.00,1.20,1.75,123,3.00,0.00,0.00,'2022-02-14 08:00:00',8694),('Dark Sabotage','Qkoosy',7.30,1.40,87.00,1.20,5.0,1,5.00,1.20,1.40,87,7.30,0.00,0.00,'2022-02-14 08:00:00',8695),('Erebus','matthew_wayne',8.30,1.40,70.00,1.60,4.0,1,4.00,1.60,1.40,70,8.30,0.00,0.00,'2022-02-14 08:00:00',8696),('Flabbergasted','Cavemandave247',8.00,1.75,35.00,1.60,4.0,1,4.00,1.60,1.75,35,8.00,0.00,0.00,'2022-02-14 08:00:00',8697),('Fuji','Skilbo_Baggins',7.00,1.40,19.00,1.20,5.0,1,5.00,1.20,1.40,19,7.00,0.00,0.00,'2022-02-14 08:00:00',8698),('Infinity','Cavemandave247',8.00,1.75,53.00,0.90,5.0,1,5.00,0.90,1.75,53,8.00,0.00,0.00,'2022-02-14 08:00:00',8699),('Luscious','Classyfication',7.10,1.40,18.00,1.20,5.0,1,5.00,1.20,1.40,18,7.10,0.00,0.00,'2022-02-14 08:00:00',8700),('Madoka','QKoosy',6.00,1.40,0.00,1.60,5.0,1,10.00,1.60,1.75,0,12.00,0.00,0.00,'2022-02-14 08:00:00',8701),('Malicious','Qkoosy',7.20,1.40,26.00,1.20,5.0,1,5.00,1.20,1.40,26,7.20,0.00,0.00,'2022-02-14 08:00:00',8702),('omjowefmo','omwoefmo',3.70,1.75,123.00,0.90,3.0,1,3.00,0.90,1.75,123,3.70,0.00,0.00,'2022-02-14 08:00:00',8703),('qwdqwd','qwdqwd',3.40,1.75,123.00,1.20,4.0,1,4.00,1.20,1.75,123,3.40,0.00,0.00,'2022-02-14 08:00:00',8704),('qwdqwdewv','qwdqwdvwe',3.40,1.75,123.00,1.20,4.0,1,4.00,1.20,1.75,123,3.40,0.00,0.00,'2022-02-14 08:00:00',8705),('Sabotage','Slikscythez',7.00,1.40,64.00,1.60,5.0,1,5.00,1.60,1.40,64,7.00,0.00,0.00,'2022-02-14 08:00:00',8706),('saefsgfwsef','wefwef',4.40,1.40,123.00,0.90,3.0,1,3.00,0.90,1.40,123,4.40,0.00,0.00,'2022-02-14 08:00:00',8707),('The 7 Titans','Slikscythez',5.20,1.40,0.00,2.00,5.0,1,5.00,2.00,1.40,0,5.20,0.00,0.00,'2022-02-14 08:00:00',8708),('Vicious','Slikscythez',8.00,1.40,98.00,1.20,5.0,1,5.00,1.20,1.40,98,8.00,0.00,0.00,'2022-02-14 08:00:00',8709),('Vicit','Danimalls',7.60,1.75,223.00,1.60,4.0,1,4.00,1.60,1.75,223,7.60,0.00,0.00,'2022-02-14 08:00:00',8710),('vqwdv','wvqwdq',4.30,1.75,123.00,1.20,3.0,1,3.00,1.20,1.75,123,4.30,0.00,0.00,'2022-02-14 08:00:00',8711),('Within','ZZZZZZach',7.00,1.40,87.50,2.15,5.0,2,10.00,4.30,2.80,175,14.00,0.00,0.00,'2022-02-14 08:00:00',8712),('afadfadf','wefwefwef',5.00,1.75,123.00,1.60,3.0,1,3.00,1.60,1.75,123,5.00,0.00,0.00,'2022-02-17 08:00:00',8713),('Annihilation','Qkoosy',7.30,1.75,67.00,1.20,5.0,1,5.00,1.20,1.75,67,7.30,0.00,0.00,'2022-02-17 08:00:00',8714),('Apostle','Qkoosy',6.10,1.40,0.00,1.60,5.0,1,5.00,1.60,1.40,0,6.10,0.00,0.00,'2022-02-17 08:00:00',8715),('asdas','asdd',4.30,1.75,123.00,1.20,3.0,1,3.00,1.20,1.75,123,4.30,0.00,0.00,'2022-02-17 08:00:00',8716),('asdas','dasdasd',3.00,1.75,123.00,1.20,3.0,1,3.00,1.20,1.75,123,3.00,0.00,0.00,'2022-02-17 08:00:00',8717),('Dark Sabotage','Qkoosy',7.30,1.40,87.00,1.20,5.0,1,5.00,1.20,1.40,87,7.30,0.00,0.00,'2022-02-17 08:00:00',8718),('Erebus','matthew_wayne',8.30,1.40,70.00,1.60,4.0,1,4.00,1.60,1.40,70,8.30,0.00,0.00,'2022-02-17 08:00:00',8719),('Flabbergasted','Cavemandave247',8.00,1.75,35.00,1.60,4.0,1,4.00,1.60,1.75,35,8.00,0.00,0.00,'2022-02-17 08:00:00',8720),('Fuji','Skilbo_Baggins',7.00,1.40,19.00,1.20,5.0,1,5.00,1.20,1.40,19,7.00,0.00,0.00,'2022-02-17 08:00:00',8721),('Infinity','Cavemandave247',8.00,1.75,53.00,0.90,5.0,1,5.00,0.90,1.75,53,8.00,0.00,0.00,'2022-02-17 08:00:00',8722),('Luscious','Classyfication',7.10,1.40,18.00,1.20,5.0,1,5.00,1.20,1.40,18,7.10,0.00,0.00,'2022-02-17 08:00:00',8723),('Madoka','QKoosy',6.00,1.40,0.00,1.60,5.0,1,10.00,1.60,1.75,0,12.00,0.00,0.00,'2022-02-17 08:00:00',8724),('Malicious','Qkoosy',7.20,1.40,26.00,1.20,5.0,1,5.00,1.20,1.40,26,7.20,0.00,0.00,'2022-02-17 08:00:00',8725),('omjowefmo','omwoefmo',3.70,1.75,123.00,0.90,3.0,1,3.00,0.90,1.75,123,3.70,0.00,0.00,'2022-02-17 08:00:00',8726),('qwdqwd','qwdqwd',3.40,1.75,123.00,1.20,4.0,1,4.00,1.20,1.75,123,3.40,0.00,0.00,'2022-02-17 08:00:00',8727),('qwdqwdewv','qwdqwdvwe',3.40,1.75,123.00,1.20,4.0,1,4.00,1.20,1.75,123,3.40,0.00,0.00,'2022-02-17 08:00:00',8728),('Sabotage','Slikscythez',7.00,1.40,64.00,1.60,5.0,1,5.00,1.60,1.40,64,7.00,0.00,0.00,'2022-02-17 08:00:00',8729),('saefsgfwsef','wefwef',4.40,1.40,123.00,0.90,3.0,1,3.00,0.90,1.40,123,4.40,0.00,0.00,'2022-02-17 08:00:00',8730),('The 7 Titans','Slikscythez',5.20,1.40,0.00,2.00,5.0,1,5.00,2.00,1.40,0,5.20,0.00,0.00,'2022-02-17 08:00:00',8731),('Vicious','Slikscythez',8.00,1.40,98.00,1.20,5.0,1,5.00,1.20,1.40,98,8.00,0.00,0.00,'2022-02-17 08:00:00',8732),('Vicit','Danimalls',7.60,1.75,223.00,1.60,4.0,1,4.00,1.60,1.75,223,7.60,0.00,0.00,'2022-02-17 08:00:00',8733),('vqwdv','wvqwdq',4.30,1.75,123.00,1.20,3.0,1,3.00,1.20,1.75,123,4.30,0.00,0.00,'2022-02-17 08:00:00',8734),('Within','ZZZZZZach',7.00,1.40,87.50,2.15,5.0,2,10.00,4.30,2.80,175,14.00,0.00,0.00,'2022-02-17 08:00:00',8735);
/*!40000 ALTER TABLE `trackshistory` ENABLE KEYS */;
UNLOCK TABLES;
/*!40103 SET TIME_ZONE=@OLD_TIME_ZONE */;

/*!40101 SET SQL_MODE=@OLD_SQL_MODE */;
/*!40014 SET FOREIGN_KEY_CHECKS=@OLD_FOREIGN_KEY_CHECKS */;
/*!40014 SET UNIQUE_CHECKS=@OLD_UNIQUE_CHECKS */;
/*!40101 SET CHARACTER_SET_CLIENT=@OLD_CHARACTER_SET_CLIENT */;
/*!40101 SET CHARACTER_SET_RESULTS=@OLD_CHARACTER_SET_RESULTS */;
/*!40101 SET COLLATION_CONNECTION=@OLD_COLLATION_CONNECTION */;
/*!40111 SET SQL_NOTES=@OLD_SQL_NOTES */;

-- Dump completed on 2022-02-21 13:53:01
