CREATE DATABASE  IF NOT EXISTS `trialsnp` /*!40100 DEFAULT CHARACTER SET utf8mb4 COLLATE utf8mb4_0900_ai_ci */ /*!80016 DEFAULT ENCRYPTION='N' */;
USE `trialsnp`;
-- MySQL dump 10.13  Distrib 8.0.25, for Win64 (x86_64)
--
-- Host: 127.0.0.1    Database: trialsnp
-- ------------------------------------------------------
-- Server version	8.0.25

/*!40101 SET @OLD_CHARACTER_SET_CLIENT=@@CHARACTER_SET_CLIENT */;
/*!40101 SET @OLD_CHARACTER_SET_RESULTS=@@CHARACTER_SET_RESULTS */;
/*!40101 SET @OLD_COLLATION_CONNECTION=@@COLLATION_CONNECTION */;
/*!50503 SET NAMES utf8 */;
/*!40103 SET @OLD_TIME_ZONE=@@TIME_ZONE */;
/*!40103 SET TIME_ZONE='+00:00' */;
/*!40014 SET @OLD_UNIQUE_CHECKS=@@UNIQUE_CHECKS, UNIQUE_CHECKS=0 */;
/*!40014 SET @OLD_FOREIGN_KEY_CHECKS=@@FOREIGN_KEY_CHECKS, FOREIGN_KEY_CHECKS=0 */;
/*!40101 SET @OLD_SQL_MODE=@@SQL_MODE, SQL_MODE='NO_AUTO_VALUE_ON_ZERO' */;
/*!40111 SET @OLD_SQL_NOTES=@@SQL_NOTES, SQL_NOTES=0 */;

--
-- Table structure for table `creators`
--

DROP TABLE IF EXISTS `creators`;
/*!40101 SET @saved_cs_client     = @@character_set_client */;
/*!50503 SET character_set_client = utf8mb4 */;
CREATE TABLE `creators` (
  `creator` varchar(45) NOT NULL DEFAULT 'N/A',
  `nTracks` int NOT NULL DEFAULT '0',
  `average-track-rating` float(3,2) NOT NULL DEFAULT '0.00',
  `average-track-length` float(3,2) NOT NULL DEFAULT '0.00',
  `average-track-consistency` float(3,2) NOT NULL DEFAULT '0.00',
  `average-track-ninja-level` float(3,2) NOT NULL DEFAULT '0.00',
  `average-track-ninja-points` float(9,2) NOT NULL DEFAULT '0.00',
  `average-track-faults` float(5,2) NOT NULL DEFAULT '0.00',
  `total-track-rating` float(10,2) NOT NULL DEFAULT '0.00',
  `total-track-length` float(10,2) NOT NULL DEFAULT '0.00',
  `total-track-consistency` float(10,2) NOT NULL DEFAULT '0.00',
  `total-track-ninja-level` float(10,2) NOT NULL DEFAULT '0.00',
  `total-track-ninja-points` float(10,2) NOT NULL DEFAULT '0.00',
  `total-track-faults` float(10,2) NOT NULL DEFAULT '0.00',
  PRIMARY KEY (`creator`)
) ENGINE=InnoDB DEFAULT CHARSET=utf8mb4 COLLATE=utf8mb4_0900_ai_ci;
/*!40101 SET character_set_client = @saved_cs_client */;

--
-- Dumping data for table `creators`
--

LOCK TABLES `creators` WRITE;
/*!40000 ALTER TABLE `creators` DISABLE KEYS */;
INSERT INTO `creators` VALUES ('apsldp',1,4.00,1.75,1.20,2.50,0.00,123.00,4.00,1.75,1.20,2.50,0.00,123.00),('asdd',1,3.00,1.75,1.20,4.30,0.00,123.00,3.00,1.75,1.20,4.30,0.00,123.00),('Cavemandave247',2,4.50,3.00,4.00,8.00,0.00,44.00,9.00,6.00,8.00,16.00,0.00,88.00),('Classyfication',1,5.00,2.00,4.00,7.10,0.00,18.00,5.00,2.00,4.00,7.10,0.00,18.00),('Danimalls',1,4.00,3.00,3.00,7.60,0.00,223.00,4.00,3.00,3.00,7.60,0.00,223.00),('dasdasd',1,3.00,1.75,1.20,3.00,0.00,123.00,3.00,1.75,1.20,3.00,0.00,123.00),('gwegwe2',1,4.00,1.75,0.90,3.90,110.81,342.00,4.00,1.75,0.90,3.90,110.81,342.00),('kaooakooo',1,3.00,1.75,0.90,5.60,0.00,123.00,3.00,1.75,0.90,5.60,286.39,123.00),('kaookooo',1,3.00,1.75,0.90,5.60,0.00,123.00,3.00,1.75,0.90,5.60,286.39,123.00),('kookoo',1,3.00,1.75,0.90,5.60,0.00,123.00,3.00,1.75,0.90,5.60,0.00,123.00),('kookooo',1,3.00,1.75,0.90,5.60,0.00,123.00,3.00,1.75,0.90,5.60,0.00,123.00),('llollo',1,3.00,1.75,1.60,4.40,304.12,141.00,3.00,1.75,1.60,4.40,304.12,141.00),('matthew_wayne',1,4.00,1.40,1.60,8.30,0.00,70.00,4.00,1.40,1.60,8.30,0.00,70.00),('omwoefmo',1,3.00,1.75,0.90,3.70,0.00,123.00,3.00,1.75,0.90,3.70,0.00,123.00),('Qkoosy',6,5.00,2.17,3.50,6.65,0.00,30.00,30.00,13.00,21.00,39.90,0.00,180.00),('qwdqwd',1,4.00,1.75,1.20,3.40,0.00,123.00,4.00,1.75,1.20,3.40,0.00,123.00),('qwdqwdvwe',1,4.00,1.75,1.20,3.40,0.00,123.00,4.00,1.75,1.20,3.40,0.00,123.00),('qwedfplp123',1,4.00,1.75,1.20,3.60,0.00,123.00,4.00,1.75,1.20,3.60,0.00,123.00),('qwedfplp123d',1,4.00,1.75,1.20,3.60,0.00,123.00,4.00,1.75,1.20,3.60,0.00,123.00),('qwfqwf',1,3.00,1.75,0.90,5.60,0.00,123.00,3.00,1.75,0.90,5.60,286.39,123.00),('qwfqwfd',1,3.00,1.75,0.90,5.60,0.00,123.00,3.00,1.75,0.90,5.60,286.39,123.00),('Skilbo_Baggins',1,5.00,2.00,4.00,7.00,0.00,19.00,5.00,2.00,4.00,7.00,0.00,19.00),('Slikscythez',3,5.00,2.00,3.00,6.73,0.00,54.00,15.00,6.00,9.00,20.20,0.00,162.00),('wefwef',1,3.00,1.40,0.90,4.40,0.00,123.00,3.00,1.40,0.90,4.40,0.00,123.00),('wefwefwef',1,3.00,1.75,1.60,5.00,0.00,123.00,3.00,1.75,1.60,5.00,0.00,123.00),('wvqwdq',1,3.00,1.75,1.20,4.30,0.00,123.00,3.00,1.75,1.20,4.30,0.00,123.00),('ZZZZZZach',2,5.00,2.00,4.50,7.00,0.00,87.50,10.00,4.00,9.00,14.00,0.00,175.00);
/*!40000 ALTER TABLE `creators` ENABLE KEYS */;
UNLOCK TABLES;

--
-- Table structure for table `creatorshistory`
--

DROP TABLE IF EXISTS `creatorshistory`;
/*!40101 SET @saved_cs_client     = @@character_set_client */;
/*!50503 SET character_set_client = utf8mb4 */;
CREATE TABLE `creatorshistory` (
  `creator` varchar(45) NOT NULL DEFAULT 'N/A',
  `nTracks` int NOT NULL DEFAULT '0',
  `average-track-rating` float(3,2) NOT NULL DEFAULT '0.00',
  `average-track-length` float(3,2) NOT NULL DEFAULT '0.00',
  `average-track-consistency` float(3,2) NOT NULL DEFAULT '0.00',
  `average-track-ninja-level` float(3,2) NOT NULL DEFAULT '0.00',
  `average-track-ninja-points` float(9,2) NOT NULL DEFAULT '0.00',
  `average-track-faults` float(5,2) NOT NULL DEFAULT '0.00',
  `history-dates` datetime NOT NULL DEFAULT CURRENT_TIMESTAMP,
  `total-track-rating` float(10,2) NOT NULL DEFAULT '0.00',
  `total-track-length` float(10,2) NOT NULL DEFAULT '0.00',
  `total-track-consistency` float(10,2) NOT NULL DEFAULT '0.00',
  `total-track-ninja-level` float(10,2) NOT NULL DEFAULT '0.00',
  `total-track-ninja-points` float(10,2) NOT NULL DEFAULT '0.00',
  `total-track-faults` float(10,2) NOT NULL DEFAULT '0.00',
  PRIMARY KEY (`creator`,`history-dates`)
) ENGINE=InnoDB DEFAULT CHARSET=utf8mb4 COLLATE=utf8mb4_0900_ai_ci;
/*!40101 SET character_set_client = @saved_cs_client */;

--
-- Dumping data for table `creatorshistory`
--

LOCK TABLES `creatorshistory` WRITE;
/*!40000 ALTER TABLE `creatorshistory` DISABLE KEYS */;
INSERT INTO `creatorshistory` VALUES ('apsldp',1,4.00,1.75,1.20,2.50,0.00,123.00,'2022-02-22 08:00:00',4.00,1.75,1.20,2.50,0.00,123.00),('apsldp',1,4.00,1.75,1.20,2.50,0.00,123.00,'2022-02-23 08:00:00',4.00,1.75,1.20,2.50,0.00,123.00),('apsldp',1,4.00,1.75,1.20,2.50,0.00,123.00,'2022-02-24 08:00:10',4.00,1.75,1.20,2.50,0.00,123.00),('apsldp',1,4.00,1.75,1.20,2.50,0.00,123.00,'2022-02-25 08:00:00',4.00,1.75,1.20,2.50,0.00,123.00),('apsldp',1,4.00,1.75,1.20,2.50,0.00,123.00,'2022-02-26 08:00:10',4.00,1.75,1.20,2.50,0.00,123.00),('apsldp',1,4.00,1.75,1.20,2.50,0.00,123.00,'2022-02-27 08:00:10',4.00,1.75,1.20,2.50,0.00,123.00),('apsldp',1,4.00,1.75,1.20,2.50,0.00,123.00,'2022-03-01 08:00:02',4.00,1.75,1.20,2.50,0.00,123.00),('asdd',1,3.00,1.75,1.20,4.30,0.00,123.00,'2022-02-10 08:00:00',3.00,1.75,1.20,4.30,0.00,123.00),('asdd',1,3.00,1.75,1.20,4.30,0.00,123.00,'2022-02-11 08:00:06',3.00,1.75,1.20,4.30,0.00,123.00),('asdd',1,3.00,1.75,1.20,4.30,0.00,123.00,'2022-02-12 08:00:10',3.00,1.75,1.20,4.30,0.00,123.00),('asdd',1,3.00,1.75,1.20,4.30,0.00,123.00,'2022-02-14 08:00:00',3.00,1.75,1.20,4.30,0.00,123.00),('asdd',1,3.00,1.75,1.20,4.30,0.00,123.00,'2022-02-17 08:00:00',3.00,1.75,1.20,4.30,0.00,123.00),('asdd',1,3.00,1.75,1.20,4.30,0.00,123.00,'2022-02-22 08:00:00',3.00,1.75,1.20,4.30,0.00,123.00),('asdd',1,3.00,1.75,1.20,4.30,0.00,123.00,'2022-02-23 08:00:00',3.00,1.75,1.20,4.30,0.00,123.00),('asdd',1,3.00,1.75,1.20,4.30,0.00,123.00,'2022-02-24 08:00:10',3.00,1.75,1.20,4.30,0.00,123.00),('asdd',1,3.00,1.75,1.20,4.30,0.00,123.00,'2022-02-25 08:00:00',3.00,1.75,1.20,4.30,0.00,123.00),('asdd',1,3.00,1.75,1.20,4.30,0.00,123.00,'2022-02-26 08:00:10',3.00,1.75,1.20,4.30,0.00,123.00),('asdd',1,3.00,1.75,1.20,4.30,0.00,123.00,'2022-02-27 08:00:10',3.00,1.75,1.20,4.30,0.00,123.00),('asdd',1,3.00,1.75,1.20,4.30,0.00,123.00,'2022-03-01 08:00:02',3.00,1.75,1.20,4.30,0.00,123.00),('Cavemandave247',2,4.50,3.00,4.00,8.00,0.00,44.00,'2022-02-10 08:00:00',9.00,6.00,8.00,16.00,0.00,88.00),('Cavemandave247',2,4.50,3.00,4.00,8.00,0.00,44.00,'2022-02-11 08:00:06',9.00,6.00,8.00,16.00,0.00,88.00),('Cavemandave247',2,4.50,3.00,4.00,8.00,0.00,44.00,'2022-02-12 08:00:10',9.00,6.00,8.00,16.00,0.00,88.00),('Cavemandave247',2,4.50,3.00,4.00,8.00,0.00,44.00,'2022-02-14 08:00:00',9.00,6.00,8.00,16.00,0.00,88.00),('Cavemandave247',2,4.50,3.00,4.00,8.00,0.00,44.00,'2022-02-17 08:00:00',9.00,6.00,8.00,16.00,0.00,88.00),('Cavemandave247',2,4.50,3.00,4.00,8.00,0.00,44.00,'2022-02-22 08:00:00',9.00,6.00,8.00,16.00,0.00,88.00),('Cavemandave247',2,4.50,3.00,4.00,8.00,0.00,44.00,'2022-02-23 08:00:00',9.00,6.00,8.00,16.00,0.00,88.00),('Cavemandave247',2,4.50,3.00,4.00,8.00,0.00,44.00,'2022-02-24 08:00:10',9.00,6.00,8.00,16.00,0.00,88.00),('Cavemandave247',2,4.50,3.00,4.00,8.00,0.00,44.00,'2022-02-25 08:00:00',9.00,6.00,8.00,16.00,0.00,88.00),('Cavemandave247',2,4.50,3.00,4.00,8.00,0.00,44.00,'2022-02-26 08:00:10',9.00,6.00,8.00,16.00,0.00,88.00),('Cavemandave247',2,4.50,3.00,4.00,8.00,0.00,44.00,'2022-02-27 08:00:10',9.00,6.00,8.00,16.00,0.00,88.00),('Cavemandave247',2,4.50,3.00,4.00,8.00,0.00,44.00,'2022-03-01 08:00:02',9.00,6.00,8.00,16.00,0.00,88.00),('Classyfication',1,5.00,2.00,4.00,7.10,0.00,18.00,'2022-02-10 08:00:00',5.00,2.00,4.00,7.10,0.00,18.00),('Classyfication',1,5.00,2.00,4.00,7.10,0.00,18.00,'2022-02-11 08:00:06',5.00,2.00,4.00,7.10,0.00,18.00),('Classyfication',1,5.00,2.00,4.00,7.10,0.00,18.00,'2022-02-12 08:00:10',5.00,2.00,4.00,7.10,0.00,18.00),('Classyfication',1,5.00,2.00,4.00,7.10,0.00,18.00,'2022-02-14 08:00:00',5.00,2.00,4.00,7.10,0.00,18.00),('Classyfication',1,5.00,2.00,4.00,7.10,0.00,18.00,'2022-02-17 08:00:00',5.00,2.00,4.00,7.10,0.00,18.00),('Classyfication',1,5.00,2.00,4.00,7.10,0.00,18.00,'2022-02-22 08:00:00',5.00,2.00,4.00,7.10,0.00,18.00),('Classyfication',1,5.00,2.00,4.00,7.10,0.00,18.00,'2022-02-23 08:00:00',5.00,2.00,4.00,7.10,0.00,18.00),('Classyfication',1,5.00,2.00,4.00,7.10,0.00,18.00,'2022-02-24 08:00:10',5.00,2.00,4.00,7.10,0.00,18.00),('Classyfication',1,5.00,2.00,4.00,7.10,0.00,18.00,'2022-02-25 08:00:00',5.00,2.00,4.00,7.10,0.00,18.00),('Classyfication',1,5.00,2.00,4.00,7.10,0.00,18.00,'2022-02-26 08:00:10',5.00,2.00,4.00,7.10,0.00,18.00),('Classyfication',1,5.00,2.00,4.00,7.10,0.00,18.00,'2022-02-27 08:00:10',5.00,2.00,4.00,7.10,0.00,18.00),('Classyfication',1,5.00,2.00,4.00,7.10,0.00,18.00,'2022-03-01 08:00:02',5.00,2.00,4.00,7.10,0.00,18.00),('Danimalls',1,4.00,3.00,3.00,7.60,0.00,223.00,'2022-02-10 08:00:00',4.00,3.00,3.00,7.60,0.00,223.00),('Danimalls',1,4.00,3.00,3.00,7.60,0.00,223.00,'2022-02-11 08:00:06',4.00,3.00,3.00,7.60,0.00,223.00),('Danimalls',1,4.00,3.00,3.00,7.60,0.00,223.00,'2022-02-12 08:00:10',4.00,3.00,3.00,7.60,0.00,223.00),('Danimalls',1,4.00,3.00,3.00,7.60,0.00,223.00,'2022-02-14 08:00:00',4.00,3.00,3.00,7.60,0.00,223.00),('Danimalls',1,4.00,3.00,3.00,7.60,0.00,223.00,'2022-02-17 08:00:00',4.00,3.00,3.00,7.60,0.00,223.00),('Danimalls',1,4.00,3.00,3.00,7.60,0.00,223.00,'2022-02-22 08:00:00',4.00,3.00,3.00,7.60,0.00,223.00),('Danimalls',1,4.00,3.00,3.00,7.60,0.00,223.00,'2022-02-23 08:00:00',4.00,3.00,3.00,7.60,0.00,223.00),('Danimalls',1,4.00,3.00,3.00,7.60,0.00,223.00,'2022-02-24 08:00:10',4.00,3.00,3.00,7.60,0.00,223.00),('Danimalls',1,4.00,3.00,3.00,7.60,0.00,223.00,'2022-02-25 08:00:00',4.00,3.00,3.00,7.60,0.00,223.00),('Danimalls',1,4.00,3.00,3.00,7.60,0.00,223.00,'2022-02-26 08:00:10',4.00,3.00,3.00,7.60,0.00,223.00),('Danimalls',1,4.00,3.00,3.00,7.60,0.00,223.00,'2022-02-27 08:00:10',4.00,3.00,3.00,7.60,0.00,223.00),('Danimalls',1,4.00,3.00,3.00,7.60,0.00,223.00,'2022-03-01 08:00:02',4.00,3.00,3.00,7.60,0.00,223.00),('dasdasd',1,3.00,1.75,1.20,3.00,0.00,123.00,'2022-02-10 08:00:00',3.00,1.75,1.20,3.00,0.00,123.00),('dasdasd',1,3.00,1.75,1.20,3.00,0.00,123.00,'2022-02-11 08:00:06',3.00,1.75,1.20,3.00,0.00,123.00),('dasdasd',1,3.00,1.75,1.20,3.00,0.00,123.00,'2022-02-12 08:00:10',3.00,1.75,1.20,3.00,0.00,123.00),('dasdasd',1,3.00,1.75,1.20,3.00,0.00,123.00,'2022-02-14 08:00:00',3.00,1.75,1.20,3.00,0.00,123.00),('dasdasd',1,3.00,1.75,1.20,3.00,0.00,123.00,'2022-02-17 08:00:00',3.00,1.75,1.20,3.00,0.00,123.00),('dasdasd',1,3.00,1.75,1.20,3.00,0.00,123.00,'2022-02-22 08:00:00',3.00,1.75,1.20,3.00,0.00,123.00),('dasdasd',1,3.00,1.75,1.20,3.00,0.00,123.00,'2022-02-23 08:00:00',3.00,1.75,1.20,3.00,0.00,123.00),('dasdasd',1,3.00,1.75,1.20,3.00,0.00,123.00,'2022-02-24 08:00:10',3.00,1.75,1.20,3.00,0.00,123.00),('dasdasd',1,3.00,1.75,1.20,3.00,0.00,123.00,'2022-02-25 08:00:00',3.00,1.75,1.20,3.00,0.00,123.00),('dasdasd',1,3.00,1.75,1.20,3.00,0.00,123.00,'2022-02-26 08:00:10',3.00,1.75,1.20,3.00,0.00,123.00),('dasdasd',1,3.00,1.75,1.20,3.00,0.00,123.00,'2022-02-27 08:00:10',3.00,1.75,1.20,3.00,0.00,123.00),('dasdasd',1,3.00,1.75,1.20,3.00,0.00,123.00,'2022-03-01 08:00:02',3.00,1.75,1.20,3.00,0.00,123.00),('gwegwe2',1,4.00,1.75,0.90,3.90,110.81,342.00,'2022-02-24 08:00:10',4.00,1.75,0.90,3.90,110.81,342.00),('gwegwe2',1,4.00,1.75,0.90,3.90,110.81,342.00,'2022-02-25 08:00:00',4.00,1.75,0.90,3.90,110.81,342.00),('gwegwe2',1,4.00,1.75,0.90,3.90,110.81,342.00,'2022-02-26 08:00:10',4.00,1.75,0.90,3.90,110.81,342.00),('gwegwe2',1,4.00,1.75,0.90,3.90,110.81,342.00,'2022-02-27 08:00:10',4.00,1.75,0.90,3.90,110.81,342.00),('gwegwe2',1,4.00,1.75,0.90,3.90,110.81,342.00,'2022-03-01 08:00:02',4.00,1.75,0.90,3.90,110.81,342.00),('kaooakooo',1,3.00,1.75,0.90,5.60,0.00,123.00,'2022-02-22 08:00:00',3.00,1.75,0.90,5.60,286.39,123.00),('kaooakooo',1,3.00,1.75,0.90,5.60,0.00,123.00,'2022-02-23 08:00:00',3.00,1.75,0.90,5.60,286.39,123.00),('kaooakooo',1,3.00,1.75,0.90,5.60,0.00,123.00,'2022-02-24 08:00:10',3.00,1.75,0.90,5.60,286.39,123.00),('kaooakooo',1,3.00,1.75,0.90,5.60,0.00,123.00,'2022-02-25 08:00:00',3.00,1.75,0.90,5.60,286.39,123.00),('kaooakooo',1,3.00,1.75,0.90,5.60,0.00,123.00,'2022-02-26 08:00:10',3.00,1.75,0.90,5.60,286.39,123.00),('kaooakooo',1,3.00,1.75,0.90,5.60,0.00,123.00,'2022-02-27 08:00:10',3.00,1.75,0.90,5.60,286.39,123.00),('kaooakooo',1,3.00,1.75,0.90,5.60,0.00,123.00,'2022-03-01 08:00:02',3.00,1.75,0.90,5.60,286.39,123.00),('kaookooo',1,3.00,1.75,0.90,5.60,0.00,123.00,'2022-02-22 08:00:00',3.00,1.75,0.90,5.60,286.39,123.00),('kaookooo',1,3.00,1.75,0.90,5.60,0.00,123.00,'2022-02-23 08:00:00',3.00,1.75,0.90,5.60,286.39,123.00),('kaookooo',1,3.00,1.75,0.90,5.60,0.00,123.00,'2022-02-24 08:00:10',3.00,1.75,0.90,5.60,286.39,123.00),('kaookooo',1,3.00,1.75,0.90,5.60,0.00,123.00,'2022-02-25 08:00:00',3.00,1.75,0.90,5.60,286.39,123.00),('kaookooo',1,3.00,1.75,0.90,5.60,0.00,123.00,'2022-02-26 08:00:10',3.00,1.75,0.90,5.60,286.39,123.00),('kaookooo',1,3.00,1.75,0.90,5.60,0.00,123.00,'2022-02-27 08:00:10',3.00,1.75,0.90,5.60,286.39,123.00),('kaookooo',1,3.00,1.75,0.90,5.60,0.00,123.00,'2022-03-01 08:00:02',3.00,1.75,0.90,5.60,286.39,123.00),('kookoo',1,3.00,1.75,0.90,5.60,0.00,123.00,'2022-02-22 08:00:00',3.00,1.75,0.90,5.60,0.00,123.00),('kookoo',1,3.00,1.75,0.90,5.60,0.00,123.00,'2022-02-23 08:00:00',3.00,1.75,0.90,5.60,0.00,123.00),('kookoo',1,3.00,1.75,0.90,5.60,0.00,123.00,'2022-02-24 08:00:10',3.00,1.75,0.90,5.60,0.00,123.00),('kookoo',1,3.00,1.75,0.90,5.60,0.00,123.00,'2022-02-25 08:00:00',3.00,1.75,0.90,5.60,0.00,123.00),('kookoo',1,3.00,1.75,0.90,5.60,0.00,123.00,'2022-02-26 08:00:10',3.00,1.75,0.90,5.60,0.00,123.00),('kookoo',1,3.00,1.75,0.90,5.60,0.00,123.00,'2022-02-27 08:00:10',3.00,1.75,0.90,5.60,0.00,123.00),('kookoo',1,3.00,1.75,0.90,5.60,0.00,123.00,'2022-03-01 08:00:02',3.00,1.75,0.90,5.60,0.00,123.00),('kookooo',1,3.00,1.75,0.90,5.60,0.00,123.00,'2022-02-22 08:00:00',3.00,1.75,0.90,5.60,0.00,123.00),('kookooo',1,3.00,1.75,0.90,5.60,0.00,123.00,'2022-02-23 08:00:00',3.00,1.75,0.90,5.60,0.00,123.00),('kookooo',1,3.00,1.75,0.90,5.60,0.00,123.00,'2022-02-24 08:00:10',3.00,1.75,0.90,5.60,0.00,123.00),('kookooo',1,3.00,1.75,0.90,5.60,0.00,123.00,'2022-02-25 08:00:00',3.00,1.75,0.90,5.60,0.00,123.00),('kookooo',1,3.00,1.75,0.90,5.60,0.00,123.00,'2022-02-26 08:00:10',3.00,1.75,0.90,5.60,0.00,123.00),('kookooo',1,3.00,1.75,0.90,5.60,0.00,123.00,'2022-02-27 08:00:10',3.00,1.75,0.90,5.60,0.00,123.00),('kookooo',1,3.00,1.75,0.90,5.60,0.00,123.00,'2022-03-01 08:00:02',3.00,1.75,0.90,5.60,0.00,123.00),('llollo',1,3.00,1.75,1.60,4.40,304.12,141.00,'2022-02-22 08:00:00',3.00,1.75,1.60,4.40,304.12,141.00),('llollo',1,3.00,1.75,1.60,4.40,304.12,141.00,'2022-02-23 08:00:00',3.00,1.75,1.60,4.40,304.12,141.00),('llollo',1,3.00,1.75,1.60,4.40,304.12,141.00,'2022-02-24 08:00:10',3.00,1.75,1.60,4.40,304.12,141.00),('llollo',1,3.00,1.75,1.60,4.40,304.12,141.00,'2022-02-25 08:00:00',3.00,1.75,1.60,4.40,304.12,141.00),('llollo',1,3.00,1.75,1.60,4.40,304.12,141.00,'2022-02-26 08:00:10',3.00,1.75,1.60,4.40,304.12,141.00),('llollo',1,3.00,1.75,1.60,4.40,304.12,141.00,'2022-02-27 08:00:10',3.00,1.75,1.60,4.40,304.12,141.00),('llollo',1,3.00,1.75,1.60,4.40,304.12,141.00,'2022-03-01 08:00:02',3.00,1.75,1.60,4.40,304.12,141.00),('matthew_wayne',1,4.00,1.40,1.60,8.30,0.00,70.00,'2022-02-10 08:00:00',4.00,1.40,1.60,8.30,0.00,70.00),('matthew_wayne',1,4.00,1.40,1.60,8.30,0.00,70.00,'2022-02-11 08:00:06',4.00,1.40,1.60,8.30,0.00,70.00),('matthew_wayne',1,4.00,1.40,1.60,8.30,0.00,70.00,'2022-02-12 08:00:10',4.00,1.40,1.60,8.30,0.00,70.00),('matthew_wayne',1,4.00,1.40,1.60,8.30,0.00,70.00,'2022-02-14 08:00:00',4.00,1.40,1.60,8.30,0.00,70.00),('matthew_wayne',1,4.00,1.40,1.60,8.30,0.00,70.00,'2022-02-17 08:00:00',4.00,1.40,1.60,8.30,0.00,70.00),('matthew_wayne',1,4.00,1.40,1.60,8.30,0.00,70.00,'2022-02-22 08:00:00',4.00,1.40,1.60,8.30,0.00,70.00),('matthew_wayne',1,4.00,1.40,1.60,8.30,0.00,70.00,'2022-02-23 08:00:00',4.00,1.40,1.60,8.30,0.00,70.00),('matthew_wayne',1,4.00,1.40,1.60,8.30,0.00,70.00,'2022-02-24 08:00:10',4.00,1.40,1.60,8.30,0.00,70.00),('matthew_wayne',1,4.00,1.40,1.60,8.30,0.00,70.00,'2022-02-25 08:00:00',4.00,1.40,1.60,8.30,0.00,70.00),('matthew_wayne',1,4.00,1.40,1.60,8.30,0.00,70.00,'2022-02-26 08:00:10',4.00,1.40,1.60,8.30,0.00,70.00),('matthew_wayne',1,4.00,1.40,1.60,8.30,0.00,70.00,'2022-02-27 08:00:10',4.00,1.40,1.60,8.30,0.00,70.00),('matthew_wayne',1,4.00,1.40,1.60,8.30,0.00,70.00,'2022-03-01 08:00:02',4.00,1.40,1.60,8.30,0.00,70.00),('omwoefmo',1,3.00,1.75,0.90,3.70,0.00,123.00,'2022-02-10 08:00:00',3.00,1.75,0.90,3.70,0.00,123.00),('omwoefmo',1,3.00,1.75,0.90,3.70,0.00,123.00,'2022-02-11 08:00:06',3.00,1.75,0.90,3.70,0.00,123.00),('omwoefmo',1,3.00,1.75,0.90,3.70,0.00,123.00,'2022-02-12 08:00:10',3.00,1.75,0.90,3.70,0.00,123.00),('omwoefmo',1,3.00,1.75,0.90,3.70,0.00,123.00,'2022-02-14 08:00:00',3.00,1.75,0.90,3.70,0.00,123.00),('omwoefmo',1,3.00,1.75,0.90,3.70,0.00,123.00,'2022-02-17 08:00:00',3.00,1.75,0.90,3.70,0.00,123.00),('omwoefmo',1,3.00,1.75,0.90,3.70,0.00,123.00,'2022-02-22 08:00:00',3.00,1.75,0.90,3.70,0.00,123.00),('omwoefmo',1,3.00,1.75,0.90,3.70,0.00,123.00,'2022-02-23 08:00:00',3.00,1.75,0.90,3.70,0.00,123.00),('omwoefmo',1,3.00,1.75,0.90,3.70,0.00,123.00,'2022-02-24 08:00:10',3.00,1.75,0.90,3.70,0.00,123.00),('omwoefmo',1,3.00,1.75,0.90,3.70,0.00,123.00,'2022-02-25 08:00:00',3.00,1.75,0.90,3.70,0.00,123.00),('omwoefmo',1,3.00,1.75,0.90,3.70,0.00,123.00,'2022-02-26 08:00:10',3.00,1.75,0.90,3.70,0.00,123.00),('omwoefmo',1,3.00,1.75,0.90,3.70,0.00,123.00,'2022-02-27 08:00:10',3.00,1.75,0.90,3.70,0.00,123.00),('omwoefmo',1,3.00,1.75,0.90,3.70,0.00,123.00,'2022-03-01 08:00:02',3.00,1.75,0.90,3.70,0.00,123.00),('Qkoosy',6,5.00,2.17,3.50,6.65,0.00,30.00,'2022-02-10 08:00:00',30.00,13.00,21.00,39.90,0.00,180.00),('Qkoosy',6,5.00,2.17,3.50,6.65,0.00,30.00,'2022-02-11 08:00:06',30.00,13.00,21.00,39.90,0.00,180.00),('Qkoosy',6,5.00,2.17,3.50,6.65,0.00,30.00,'2022-02-12 08:00:10',30.00,13.00,21.00,39.90,0.00,180.00),('Qkoosy',6,5.00,2.17,3.50,6.65,0.00,30.00,'2022-02-14 08:00:00',30.00,13.00,21.00,39.90,0.00,180.00),('Qkoosy',6,5.00,2.17,3.50,6.65,0.00,30.00,'2022-02-17 08:00:00',30.00,13.00,21.00,39.90,0.00,180.00),('Qkoosy',6,5.00,2.17,3.50,6.65,0.00,30.00,'2022-02-22 08:00:00',30.00,13.00,21.00,39.90,0.00,180.00),('Qkoosy',6,5.00,2.17,3.50,6.65,0.00,30.00,'2022-02-23 08:00:00',30.00,13.00,21.00,39.90,0.00,180.00),('Qkoosy',6,5.00,2.17,3.50,6.65,0.00,30.00,'2022-02-24 08:00:10',30.00,13.00,21.00,39.90,0.00,180.00),('Qkoosy',6,5.00,2.17,3.50,6.65,0.00,30.00,'2022-02-25 08:00:00',30.00,13.00,21.00,39.90,0.00,180.00),('Qkoosy',6,5.00,2.17,3.50,6.65,0.00,30.00,'2022-02-26 08:00:10',30.00,13.00,21.00,39.90,0.00,180.00),('Qkoosy',6,5.00,2.17,3.50,6.65,0.00,30.00,'2022-02-27 08:00:10',30.00,13.00,21.00,39.90,0.00,180.00),('Qkoosy',6,5.00,2.17,3.50,6.65,0.00,30.00,'2022-03-01 08:00:02',30.00,13.00,21.00,39.90,0.00,180.00),('qwdqwd',1,4.00,1.75,1.20,3.40,0.00,123.00,'2022-02-10 08:00:00',4.00,1.75,1.20,3.40,0.00,123.00),('qwdqwd',1,4.00,1.75,1.20,3.40,0.00,123.00,'2022-02-11 08:00:06',4.00,1.75,1.20,3.40,0.00,123.00),('qwdqwd',1,4.00,1.75,1.20,3.40,0.00,123.00,'2022-02-12 08:00:10',4.00,1.75,1.20,3.40,0.00,123.00),('qwdqwd',1,4.00,1.75,1.20,3.40,0.00,123.00,'2022-02-14 08:00:00',4.00,1.75,1.20,3.40,0.00,123.00),('qwdqwd',1,4.00,1.75,1.20,3.40,0.00,123.00,'2022-02-17 08:00:00',4.00,1.75,1.20,3.40,0.00,123.00),('qwdqwd',1,4.00,1.75,1.20,3.40,0.00,123.00,'2022-02-22 08:00:00',4.00,1.75,1.20,3.40,0.00,123.00),('qwdqwd',1,4.00,1.75,1.20,3.40,0.00,123.00,'2022-02-23 08:00:00',4.00,1.75,1.20,3.40,0.00,123.00),('qwdqwd',1,4.00,1.75,1.20,3.40,0.00,123.00,'2022-02-24 08:00:10',4.00,1.75,1.20,3.40,0.00,123.00),('qwdqwd',1,4.00,1.75,1.20,3.40,0.00,123.00,'2022-02-25 08:00:00',4.00,1.75,1.20,3.40,0.00,123.00),('qwdqwd',1,4.00,1.75,1.20,3.40,0.00,123.00,'2022-02-26 08:00:10',4.00,1.75,1.20,3.40,0.00,123.00),('qwdqwd',1,4.00,1.75,1.20,3.40,0.00,123.00,'2022-02-27 08:00:10',4.00,1.75,1.20,3.40,0.00,123.00),('qwdqwd',1,4.00,1.75,1.20,3.40,0.00,123.00,'2022-03-01 08:00:02',4.00,1.75,1.20,3.40,0.00,123.00),('qwdqwdvwe',1,4.00,1.75,1.20,3.40,0.00,123.00,'2022-02-10 08:00:00',4.00,1.75,1.20,3.40,0.00,123.00),('qwdqwdvwe',1,4.00,1.75,1.20,3.40,0.00,123.00,'2022-02-11 08:00:06',4.00,1.75,1.20,3.40,0.00,123.00),('qwdqwdvwe',1,4.00,1.75,1.20,3.40,0.00,123.00,'2022-02-12 08:00:10',4.00,1.75,1.20,3.40,0.00,123.00),('qwdqwdvwe',1,4.00,1.75,1.20,3.40,0.00,123.00,'2022-02-14 08:00:00',4.00,1.75,1.20,3.40,0.00,123.00),('qwdqwdvwe',1,4.00,1.75,1.20,3.40,0.00,123.00,'2022-02-17 08:00:00',4.00,1.75,1.20,3.40,0.00,123.00),('qwdqwdvwe',1,4.00,1.75,1.20,3.40,0.00,123.00,'2022-02-22 08:00:00',4.00,1.75,1.20,3.40,0.00,123.00),('qwdqwdvwe',1,4.00,1.75,1.20,3.40,0.00,123.00,'2022-02-23 08:00:00',4.00,1.75,1.20,3.40,0.00,123.00),('qwdqwdvwe',1,4.00,1.75,1.20,3.40,0.00,123.00,'2022-02-24 08:00:10',4.00,1.75,1.20,3.40,0.00,123.00),('qwdqwdvwe',1,4.00,1.75,1.20,3.40,0.00,123.00,'2022-02-25 08:00:00',4.00,1.75,1.20,3.40,0.00,123.00),('qwdqwdvwe',1,4.00,1.75,1.20,3.40,0.00,123.00,'2022-02-26 08:00:10',4.00,1.75,1.20,3.40,0.00,123.00),('qwdqwdvwe',1,4.00,1.75,1.20,3.40,0.00,123.00,'2022-02-27 08:00:10',4.00,1.75,1.20,3.40,0.00,123.00),('qwdqwdvwe',1,4.00,1.75,1.20,3.40,0.00,123.00,'2022-03-01 08:00:02',4.00,1.75,1.20,3.40,0.00,123.00),('qwedfplp123',1,4.00,1.75,1.20,3.60,0.00,123.00,'2022-02-22 08:00:00',4.00,1.75,1.20,3.60,0.00,123.00),('qwedfplp123',1,4.00,1.75,1.20,3.60,0.00,123.00,'2022-02-23 08:00:00',4.00,1.75,1.20,3.60,0.00,123.00),('qwedfplp123',1,4.00,1.75,1.20,3.60,0.00,123.00,'2022-02-24 08:00:10',4.00,1.75,1.20,3.60,0.00,123.00),('qwedfplp123',1,4.00,1.75,1.20,3.60,0.00,123.00,'2022-02-25 08:00:00',4.00,1.75,1.20,3.60,0.00,123.00),('qwedfplp123',1,4.00,1.75,1.20,3.60,0.00,123.00,'2022-02-26 08:00:10',4.00,1.75,1.20,3.60,0.00,123.00),('qwedfplp123',1,4.00,1.75,1.20,3.60,0.00,123.00,'2022-02-27 08:00:10',4.00,1.75,1.20,3.60,0.00,123.00),('qwedfplp123',1,4.00,1.75,1.20,3.60,0.00,123.00,'2022-03-01 08:00:02',4.00,1.75,1.20,3.60,0.00,123.00),('qwedfplp123d',1,4.00,1.75,1.20,3.60,0.00,123.00,'2022-02-22 08:00:00',4.00,1.75,1.20,3.60,0.00,123.00),('qwedfplp123d',1,4.00,1.75,1.20,3.60,0.00,123.00,'2022-02-23 08:00:00',4.00,1.75,1.20,3.60,0.00,123.00),('qwedfplp123d',1,4.00,1.75,1.20,3.60,0.00,123.00,'2022-02-24 08:00:10',4.00,1.75,1.20,3.60,0.00,123.00),('qwedfplp123d',1,4.00,1.75,1.20,3.60,0.00,123.00,'2022-02-25 08:00:00',4.00,1.75,1.20,3.60,0.00,123.00),('qwedfplp123d',1,4.00,1.75,1.20,3.60,0.00,123.00,'2022-02-26 08:00:10',4.00,1.75,1.20,3.60,0.00,123.00),('qwedfplp123d',1,4.00,1.75,1.20,3.60,0.00,123.00,'2022-02-27 08:00:10',4.00,1.75,1.20,3.60,0.00,123.00),('qwedfplp123d',1,4.00,1.75,1.20,3.60,0.00,123.00,'2022-03-01 08:00:02',4.00,1.75,1.20,3.60,0.00,123.00),('qwfqwf',1,3.00,1.75,0.90,5.60,0.00,123.00,'2022-02-22 08:00:00',3.00,1.75,0.90,5.60,286.39,123.00),('qwfqwf',1,3.00,1.75,0.90,5.60,0.00,123.00,'2022-02-23 08:00:00',3.00,1.75,0.90,5.60,286.39,123.00),('qwfqwf',1,3.00,1.75,0.90,5.60,0.00,123.00,'2022-02-24 08:00:10',3.00,1.75,0.90,5.60,286.39,123.00),('qwfqwf',1,3.00,1.75,0.90,5.60,0.00,123.00,'2022-02-25 08:00:00',3.00,1.75,0.90,5.60,286.39,123.00),('qwfqwf',1,3.00,1.75,0.90,5.60,0.00,123.00,'2022-02-26 08:00:10',3.00,1.75,0.90,5.60,286.39,123.00),('qwfqwf',1,3.00,1.75,0.90,5.60,0.00,123.00,'2022-02-27 08:00:10',3.00,1.75,0.90,5.60,286.39,123.00),('qwfqwf',1,3.00,1.75,0.90,5.60,0.00,123.00,'2022-03-01 08:00:02',3.00,1.75,0.90,5.60,286.39,123.00),('qwfqwfd',1,3.00,1.75,0.90,5.60,0.00,123.00,'2022-02-22 08:00:00',3.00,1.75,0.90,5.60,286.39,123.00),('qwfqwfd',1,3.00,1.75,0.90,5.60,0.00,123.00,'2022-02-23 08:00:00',3.00,1.75,0.90,5.60,286.39,123.00),('qwfqwfd',1,3.00,1.75,0.90,5.60,0.00,123.00,'2022-02-24 08:00:10',3.00,1.75,0.90,5.60,286.39,123.00),('qwfqwfd',1,3.00,1.75,0.90,5.60,0.00,123.00,'2022-02-25 08:00:00',3.00,1.75,0.90,5.60,286.39,123.00),('qwfqwfd',1,3.00,1.75,0.90,5.60,0.00,123.00,'2022-02-26 08:00:10',3.00,1.75,0.90,5.60,286.39,123.00),('qwfqwfd',1,3.00,1.75,0.90,5.60,0.00,123.00,'2022-02-27 08:00:10',3.00,1.75,0.90,5.60,286.39,123.00),('qwfqwfd',1,3.00,1.75,0.90,5.60,0.00,123.00,'2022-03-01 08:00:02',3.00,1.75,0.90,5.60,286.39,123.00),('Skilbo_Baggins',1,5.00,2.00,4.00,7.00,0.00,19.00,'2022-02-10 08:00:00',5.00,2.00,4.00,7.00,0.00,19.00),('Skilbo_Baggins',1,5.00,2.00,4.00,7.00,0.00,19.00,'2022-02-11 08:00:06',5.00,2.00,4.00,7.00,0.00,19.00),('Skilbo_Baggins',1,5.00,2.00,4.00,7.00,0.00,19.00,'2022-02-12 08:00:10',5.00,2.00,4.00,7.00,0.00,19.00),('Skilbo_Baggins',1,5.00,2.00,4.00,7.00,0.00,19.00,'2022-02-14 08:00:00',5.00,2.00,4.00,7.00,0.00,19.00),('Skilbo_Baggins',1,5.00,2.00,4.00,7.00,0.00,19.00,'2022-02-17 08:00:00',5.00,2.00,4.00,7.00,0.00,19.00),('Skilbo_Baggins',1,5.00,2.00,4.00,7.00,0.00,19.00,'2022-02-22 08:00:00',5.00,2.00,4.00,7.00,0.00,19.00),('Skilbo_Baggins',1,5.00,2.00,4.00,7.00,0.00,19.00,'2022-02-23 08:00:00',5.00,2.00,4.00,7.00,0.00,19.00),('Skilbo_Baggins',1,5.00,2.00,4.00,7.00,0.00,19.00,'2022-02-24 08:00:10',5.00,2.00,4.00,7.00,0.00,19.00),('Skilbo_Baggins',1,5.00,2.00,4.00,7.00,0.00,19.00,'2022-02-25 08:00:00',5.00,2.00,4.00,7.00,0.00,19.00),('Skilbo_Baggins',1,5.00,2.00,4.00,7.00,0.00,19.00,'2022-02-26 08:00:10',5.00,2.00,4.00,7.00,0.00,19.00),('Skilbo_Baggins',1,5.00,2.00,4.00,7.00,0.00,19.00,'2022-02-27 08:00:10',5.00,2.00,4.00,7.00,0.00,19.00),('Skilbo_Baggins',1,5.00,2.00,4.00,7.00,0.00,19.00,'2022-03-01 08:00:02',5.00,2.00,4.00,7.00,0.00,19.00),('Slikscythez',3,5.00,2.00,3.00,6.73,0.00,54.00,'2022-02-10 08:00:00',15.00,6.00,9.00,20.20,0.00,162.00),('Slikscythez',3,5.00,2.00,3.00,6.73,0.00,54.00,'2022-02-11 08:00:06',15.00,6.00,9.00,20.20,0.00,162.00),('Slikscythez',3,5.00,2.00,3.00,6.73,0.00,54.00,'2022-02-12 08:00:10',15.00,6.00,9.00,20.20,0.00,162.00),('Slikscythez',3,5.00,2.00,3.00,6.73,0.00,54.00,'2022-02-14 08:00:00',15.00,6.00,9.00,20.20,0.00,162.00),('Slikscythez',3,5.00,2.00,3.00,6.73,0.00,54.00,'2022-02-17 08:00:00',15.00,6.00,9.00,20.20,0.00,162.00),('Slikscythez',3,5.00,2.00,3.00,6.73,0.00,54.00,'2022-02-22 08:00:00',15.00,6.00,9.00,20.20,0.00,162.00),('Slikscythez',3,5.00,2.00,3.00,6.73,0.00,54.00,'2022-02-23 08:00:00',15.00,6.00,9.00,20.20,0.00,162.00),('Slikscythez',3,5.00,2.00,3.00,6.73,0.00,54.00,'2022-02-24 08:00:10',15.00,6.00,9.00,20.20,0.00,162.00),('Slikscythez',3,5.00,2.00,3.00,6.73,0.00,54.00,'2022-02-25 08:00:00',15.00,6.00,9.00,20.20,0.00,162.00),('Slikscythez',3,5.00,2.00,3.00,6.73,0.00,54.00,'2022-02-26 08:00:10',15.00,6.00,9.00,20.20,0.00,162.00),('Slikscythez',3,5.00,2.00,3.00,6.73,0.00,54.00,'2022-02-27 08:00:10',15.00,6.00,9.00,20.20,0.00,162.00),('Slikscythez',3,5.00,2.00,3.00,6.73,0.00,54.00,'2022-03-01 08:00:02',15.00,6.00,9.00,20.20,0.00,162.00),('wefwef',1,3.00,1.40,0.90,4.40,0.00,123.00,'2022-02-10 08:00:00',3.00,1.40,0.90,4.40,0.00,123.00),('wefwef',1,3.00,1.40,0.90,4.40,0.00,123.00,'2022-02-11 08:00:06',3.00,1.40,0.90,4.40,0.00,123.00),('wefwef',1,3.00,1.40,0.90,4.40,0.00,123.00,'2022-02-12 08:00:10',3.00,1.40,0.90,4.40,0.00,123.00),('wefwef',1,3.00,1.40,0.90,4.40,0.00,123.00,'2022-02-14 08:00:00',3.00,1.40,0.90,4.40,0.00,123.00),('wefwef',1,3.00,1.40,0.90,4.40,0.00,123.00,'2022-02-17 08:00:00',3.00,1.40,0.90,4.40,0.00,123.00),('wefwef',1,3.00,1.40,0.90,4.40,0.00,123.00,'2022-02-22 08:00:00',3.00,1.40,0.90,4.40,0.00,123.00),('wefwef',1,3.00,1.40,0.90,4.40,0.00,123.00,'2022-02-23 08:00:00',3.00,1.40,0.90,4.40,0.00,123.00),('wefwef',1,3.00,1.40,0.90,4.40,0.00,123.00,'2022-02-24 08:00:10',3.00,1.40,0.90,4.40,0.00,123.00),('wefwef',1,3.00,1.40,0.90,4.40,0.00,123.00,'2022-02-25 08:00:00',3.00,1.40,0.90,4.40,0.00,123.00),('wefwef',1,3.00,1.40,0.90,4.40,0.00,123.00,'2022-02-26 08:00:10',3.00,1.40,0.90,4.40,0.00,123.00),('wefwef',1,3.00,1.40,0.90,4.40,0.00,123.00,'2022-02-27 08:00:10',3.00,1.40,0.90,4.40,0.00,123.00),('wefwef',1,3.00,1.40,0.90,4.40,0.00,123.00,'2022-03-01 08:00:02',3.00,1.40,0.90,4.40,0.00,123.00),('wefwefwef',1,3.00,1.75,1.60,5.00,0.00,123.00,'2022-02-10 08:00:00',3.00,1.75,1.60,5.00,0.00,123.00),('wefwefwef',1,3.00,1.75,1.60,5.00,0.00,123.00,'2022-02-11 08:00:06',3.00,1.75,1.60,5.00,0.00,123.00),('wefwefwef',1,3.00,1.75,1.60,5.00,0.00,123.00,'2022-02-12 08:00:10',3.00,1.75,1.60,5.00,0.00,123.00),('wefwefwef',1,3.00,1.75,1.60,5.00,0.00,123.00,'2022-02-14 08:00:00',3.00,1.75,1.60,5.00,0.00,123.00),('wefwefwef',1,3.00,1.75,1.60,5.00,0.00,123.00,'2022-02-17 08:00:00',3.00,1.75,1.60,5.00,0.00,123.00),('wefwefwef',1,3.00,1.75,1.60,5.00,0.00,123.00,'2022-02-22 08:00:00',3.00,1.75,1.60,5.00,0.00,123.00),('wefwefwef',1,3.00,1.75,1.60,5.00,0.00,123.00,'2022-02-23 08:00:00',3.00,1.75,1.60,5.00,0.00,123.00),('wefwefwef',1,3.00,1.75,1.60,5.00,0.00,123.00,'2022-02-24 08:00:10',3.00,1.75,1.60,5.00,0.00,123.00),('wefwefwef',1,3.00,1.75,1.60,5.00,0.00,123.00,'2022-02-25 08:00:00',3.00,1.75,1.60,5.00,0.00,123.00),('wefwefwef',1,3.00,1.75,1.60,5.00,0.00,123.00,'2022-02-26 08:00:10',3.00,1.75,1.60,5.00,0.00,123.00),('wefwefwef',1,3.00,1.75,1.60,5.00,0.00,123.00,'2022-02-27 08:00:10',3.00,1.75,1.60,5.00,0.00,123.00),('wefwefwef',1,3.00,1.75,1.60,5.00,0.00,123.00,'2022-03-01 08:00:02',3.00,1.75,1.60,5.00,0.00,123.00),('wvqwdq',1,3.00,1.75,1.20,4.30,0.00,123.00,'2022-02-10 08:00:00',3.00,1.75,1.20,4.30,0.00,123.00),('wvqwdq',1,3.00,1.75,1.20,4.30,0.00,123.00,'2022-02-11 08:00:06',3.00,1.75,1.20,4.30,0.00,123.00),('wvqwdq',1,3.00,1.75,1.20,4.30,0.00,123.00,'2022-02-12 08:00:10',3.00,1.75,1.20,4.30,0.00,123.00),('wvqwdq',1,3.00,1.75,1.20,4.30,0.00,123.00,'2022-02-14 08:00:00',3.00,1.75,1.20,4.30,0.00,123.00),('wvqwdq',1,3.00,1.75,1.20,4.30,0.00,123.00,'2022-02-17 08:00:00',3.00,1.75,1.20,4.30,0.00,123.00),('wvqwdq',1,3.00,1.75,1.20,4.30,0.00,123.00,'2022-02-22 08:00:00',3.00,1.75,1.20,4.30,0.00,123.00),('wvqwdq',1,3.00,1.75,1.20,4.30,0.00,123.00,'2022-02-23 08:00:00',3.00,1.75,1.20,4.30,0.00,123.00),('wvqwdq',1,3.00,1.75,1.20,4.30,0.00,123.00,'2022-02-24 08:00:10',3.00,1.75,1.20,4.30,0.00,123.00),('wvqwdq',1,3.00,1.75,1.20,4.30,0.00,123.00,'2022-02-25 08:00:00',3.00,1.75,1.20,4.30,0.00,123.00),('wvqwdq',1,3.00,1.75,1.20,4.30,0.00,123.00,'2022-02-26 08:00:10',3.00,1.75,1.20,4.30,0.00,123.00),('wvqwdq',1,3.00,1.75,1.20,4.30,0.00,123.00,'2022-02-27 08:00:10',3.00,1.75,1.20,4.30,0.00,123.00),('wvqwdq',1,3.00,1.75,1.20,4.30,0.00,123.00,'2022-03-01 08:00:02',3.00,1.75,1.20,4.30,0.00,123.00),('ZZZZZZach',2,5.00,2.00,4.50,7.00,0.00,87.50,'2022-02-10 08:00:00',10.00,4.00,9.00,14.00,0.00,175.00),('ZZZZZZach',2,5.00,2.00,4.50,7.00,0.00,87.50,'2022-02-11 08:00:06',10.00,4.00,9.00,14.00,0.00,175.00),('ZZZZZZach',2,5.00,2.00,4.50,7.00,0.00,87.50,'2022-02-12 08:00:10',10.00,4.00,9.00,14.00,0.00,175.00),('ZZZZZZach',2,5.00,2.00,4.50,7.00,0.00,87.50,'2022-02-14 08:00:00',10.00,4.00,9.00,14.00,0.00,175.00),('ZZZZZZach',2,5.00,2.00,4.50,7.00,0.00,87.50,'2022-02-17 08:00:00',10.00,4.00,9.00,14.00,0.00,175.00),('ZZZZZZach',2,5.00,2.00,4.50,7.00,0.00,87.50,'2022-02-22 08:00:00',10.00,4.00,9.00,14.00,0.00,175.00),('ZZZZZZach',2,5.00,2.00,4.50,7.00,0.00,87.50,'2022-02-23 08:00:00',10.00,4.00,9.00,14.00,0.00,175.00),('ZZZZZZach',2,5.00,2.00,4.50,7.00,0.00,87.50,'2022-02-24 08:00:10',10.00,4.00,9.00,14.00,0.00,175.00),('ZZZZZZach',2,5.00,2.00,4.50,7.00,0.00,87.50,'2022-02-25 08:00:00',10.00,4.00,9.00,14.00,0.00,175.00),('ZZZZZZach',2,5.00,2.00,4.50,7.00,0.00,87.50,'2022-02-26 08:00:10',10.00,4.00,9.00,14.00,0.00,175.00),('ZZZZZZach',2,5.00,2.00,4.50,7.00,0.00,87.50,'2022-02-27 08:00:10',10.00,4.00,9.00,14.00,0.00,175.00),('ZZZZZZach',2,5.00,2.00,4.50,7.00,0.00,87.50,'2022-03-01 08:00:02',10.00,4.00,9.00,14.00,0.00,175.00);
/*!40000 ALTER TABLE `creatorshistory` ENABLE KEYS */;
UNLOCK TABLES;

--
-- Table structure for table `profiles`
--

DROP TABLE IF EXISTS `profiles`;
/*!40101 SET @saved_cs_client     = @@character_set_client */;
/*!50503 SET character_set_client = utf8mb4 */;
CREATE TABLE `profiles` (
  `email` varchar(320) CHARACTER SET utf8 COLLATE utf8_unicode_ci NOT NULL,
  `id` varchar(29) CHARACTER SET utf8 COLLATE utf8_unicode_ci NOT NULL,
  `create_date` datetime NOT NULL DEFAULT CURRENT_TIMESTAMP,
  `country` varchar(3) CHARACTER SET utf8 COLLATE utf8_unicode_ci NOT NULL DEFAULT 'N/A',
  `region` varchar(100) CHARACTER SET utf8 COLLATE utf8_unicode_ci NOT NULL DEFAULT 'N/A',
  `gamertag` varchar(25) CHARACTER SET utf8 COLLATE utf8_unicode_ci DEFAULT NULL,
  `aliases` varchar(150) CHARACTER SET utf8 COLLATE utf8_unicode_ci DEFAULT NULL,
  `username` varchar(25) CHARACTER SET utf8 COLLATE utf8_unicode_ci NOT NULL,
  `highest-np-run` float(7,2) NOT NULL DEFAULT '0.00',
  `runs` int NOT NULL DEFAULT '0',
  `total-ninja-points` int NOT NULL DEFAULT '0',
  `highest-level-pass` float(3,2) NOT NULL DEFAULT '0.00',
  `bio` varchar(300) CHARACTER SET utf8 COLLATE utf8_unicode_ci DEFAULT NULL,
  `banner-url` varchar(1100) CHARACTER SET utf8 COLLATE utf8_unicode_ci NOT NULL DEFAULT 'https://trialsnp-photos.s3.amazonaws.com/profiles/banners/defaultProfileBanner.png',
  `top-100-runs` int NOT NULL DEFAULT '0',
  PRIMARY KEY (`id`),
  UNIQUE KEY `username_UNIQUE` (`username`)
) ENGINE=InnoDB DEFAULT CHARSET=utf8mb3 COLLATE=utf8_unicode_ci;
/*!40101 SET character_set_client = @saved_cs_client */;

--
-- Dumping data for table `profiles`
--

LOCK TABLES `profiles` WRITE;
/*!40000 ALTER TABLE `profiles` DISABLE KEYS */;
INSERT INTO `profiles` VALUES ('lukas-brehmer@gmx.de','4CMFkHPTFIRAgb9bEBLThN9gcTf2','2022-02-08 22:35:04','DE','Berlin',NULL,'Sonne, Sun','SunRiiZe',474.00,1,0,7.00,NULL,'https://trialsnp-photos.s3.amazonaws.com/profiles/banners/defaultProfileBanner.png',474),('eee@gmail.com','b9QvkmkGNWck0waRokdPGp5Y7T82','2022-02-08 22:42:16','N/A','N/A',NULL,'stop savin chat','eee',0.00,0,0,0.00,NULL,'https://trialsnp-photos.s3.amazonaws.com/profiles/banners/defaultProfileBanner.png',0),('rjburgerr@gmail.com','iSD7u2cJe2QywG8FK9Yjci3rEKo1','2022-02-09 01:47:59','US','Minnesota',NULL,NULL,'RJ Burgerr1',1057.00,3,1687,6.00,NULL,'https://trialsnp-photos.s3.amazonaws.com/profiles/banners/defaultProfileBanner.png',2769),('please@email.com','NSPHkjQiAaOqrjD6hZ5e9L1oYf43','2022-02-09 10:22:15','N/A','N/A',NULL,NULL,'please',1163.00,11,876,8.30,NULL,'https://trialsnp-photos.s3.amazonaws.com/profiles/banners/defaultProfileBanner.png',8580),('q7730q+2xw@sharklasers.com','PujMrtGeilPhtjXZFg9Jtz9B3Zp2','2022-02-08 22:47:18','N/A','N/A',NULL,NULL,'giantshark17',0.00,0,0,0.00,NULL,'https://trialsnp-photos.s3.amazonaws.com/profiles/banners/defaultProfileBanner.png',0),('TESTUER@G.com','v9ksChUkaNSVMjbRl464C4caDUm1','2022-02-21 18:27:01','US','Minnesota',NULL,NULL,'TESTUSER',283.00,1,111,3.90,'I created this :)','https://trialsnp-photos.s3.amazonaws.com/profiles/banners/v9ksChUkaNSVMjbRl464C4caDUm1-0fd56da9bc6ad84c030a826c6b5818a9112f43a8_1.jpg',283),('tridentspike@gmail.com','VmO321s4yJcvK4WLc3hMsjLmnzv1','2022-02-08 22:35:57','US','Minnesota',NULL,'Huge cock','RareDrops',0.00,0,0,0.00,NULL,'https://trialsnp-photos.s3.amazonaws.com/profiles/banners/defaultProfileBanner.png',0),('danhalonen123@gmail.com','Z4Z5BjdOcHe6PDRbPqnwCyUvOQ52','2022-02-08 23:45:27','US','Michigan',NULL,NULL,'Danimalls',1467.00,11,13878,8.00,'I pass hard tracks sometimes','https://trialsnp-photos.s3.amazonaws.com/profiles/banners/defaultProfileBanner.png',8753);
/*!40000 ALTER TABLE `profiles` ENABLE KEYS */;
UNLOCK TABLES;

--
-- Table structure for table `profileshistory`
--

DROP TABLE IF EXISTS `profileshistory`;
/*!40101 SET @saved_cs_client     = @@character_set_client */;
/*!50503 SET character_set_client = utf8mb4 */;
CREATE TABLE `profileshistory` (
  `email` varchar(255) CHARACTER SET utf8 COLLATE utf8_unicode_ci NOT NULL,
  `id` varchar(29) CHARACTER SET utf8 COLLATE utf8_unicode_ci NOT NULL,
  `create_date` datetime NOT NULL DEFAULT CURRENT_TIMESTAMP,
  `country` varchar(3) CHARACTER SET utf8 COLLATE utf8_unicode_ci NOT NULL DEFAULT 'N/A',
  `region` varchar(100) CHARACTER SET utf8 COLLATE utf8_unicode_ci NOT NULL DEFAULT 'N/A',
  `gamertag` varchar(25) CHARACTER SET utf8 COLLATE utf8_unicode_ci DEFAULT NULL,
  `aliases` varchar(150) CHARACTER SET utf8 COLLATE utf8_unicode_ci DEFAULT NULL,
  `username` varchar(25) CHARACTER SET utf8 COLLATE utf8_unicode_ci NOT NULL,
  `highest-np-run` int NOT NULL DEFAULT '0',
  `runs` int NOT NULL DEFAULT '0',
  `total-ninja-points` int NOT NULL DEFAULT '0',
  `highest-level-pass` float(3,2) NOT NULL DEFAULT '0.00',
  `bio` varchar(300) CHARACTER SET utf8 COLLATE utf8_unicode_ci DEFAULT NULL,
  `history-dates` datetime NOT NULL DEFAULT CURRENT_TIMESTAMP,
  `index` int NOT NULL AUTO_INCREMENT,
  `banner-url` varchar(1100) CHARACTER SET utf8 COLLATE utf8_unicode_ci NOT NULL DEFAULT 'https://trialsnp-photos.s3.amazonaws.com/profiles/banners/defaultProfileBanner.png',
  `top-100-runs` int NOT NULL DEFAULT '0',
  PRIMARY KEY (`index`)
) ENGINE=InnoDB AUTO_INCREMENT=973 DEFAULT CHARSET=utf8mb4 COLLATE=utf8mb4_0900_ai_ci;
/*!40101 SET character_set_client = @saved_cs_client */;

--
-- Dumping data for table `profileshistory`
--

LOCK TABLES `profileshistory` WRITE;
/*!40000 ALTER TABLE `profileshistory` DISABLE KEYS */;
INSERT INTO `profileshistory` VALUES ('rjburgerr@gmail.com','EDerkZHn2QYSWKsK6lMtnzWUsh42','2022-02-07 05:20:39','US','Minnesota',NULL,NULL,'RJ Burgerr1',0,0,0,0.00,NULL,'2022-02-08 08:00:00',881,'https://trials-np-images.s3.amazonaws.com//uploads/defaultProfileBanner.png',0),('lukas-brehmer@gmx.de','4CMFkHPTFIRAgb9bEBLThN9gcTf2','2022-02-08 22:35:04','DE','Berlin',NULL,'Sonne, Sun','SunRiiZe',972,1,0,7.00,NULL,'2022-02-10 08:00:00',882,'https://trials-np-images.s3.amazonaws.com//uploads/defaultProfileBanner.png',972),('eee@gmail.com','b9QvkmkGNWck0waRokdPGp5Y7T82','2022-02-08 22:42:16','N/A','N/A',NULL,'stop savin chat','eee',0,0,0,0.00,NULL,'2022-02-10 08:00:00',883,'https://trials-np-images.s3.amazonaws.com//uploads/defaultProfileBanner.png',0),('rjburgerr@gmail.com','iSD7u2cJe2QywG8FK9Yjci3rEKo1','2022-02-09 01:47:59','US','Minnesota',NULL,NULL,'RJ Burgerr1',1086,3,1687,6.10,NULL,'2022-02-10 08:00:00',884,'https://trials-np-images.s3.amazonaws.com//uploads/defaultProfileBanner.png',3145),('please@email.com','NSPHkjQiAaOqrjD6hZ5e9L1oYf43','2022-02-09 10:22:15','N/A','N/A',NULL,NULL,'please',1163,6,0,8.30,NULL,'2022-02-10 08:00:00',885,'https://trials-np-images.s3.amazonaws.com//uploads/defaultProfileBanner.png',2314),('q7730q+2xw@sharklasers.com','PujMrtGeilPhtjXZFg9Jtz9B3Zp2','2022-02-08 22:47:18','N/A','N/A',NULL,NULL,'giantshark17',0,0,0,0.00,NULL,'2022-02-10 08:00:00',886,'https://trials-np-images.s3.amazonaws.com//uploads/defaultProfileBanner.png',0),('tridentspike@gmail.com','VmO321s4yJcvK4WLc3hMsjLmnzv1','2022-02-08 22:35:57','US','Minnesota',NULL,'Huge cock','RareDrops',0,0,0,0.00,NULL,'2022-02-10 08:00:00',887,'https://trials-np-images.s3.amazonaws.com//uploads/defaultProfileBanner.png',0),('danhalonen123@gmail.com','Z4Z5BjdOcHe6PDRbPqnwCyUvOQ52','2022-02-08 23:45:27','US','Michigan',NULL,NULL,'Danimalls',1467,11,13878,8.00,'I pass hard tracks sometimes','2022-02-10 08:00:00',888,'https://trials-np-images.s3.amazonaws.com//uploads/defaultProfileBanner.png',9280),('lukas-brehmer@gmx.de','4CMFkHPTFIRAgb9bEBLThN9gcTf2','2022-02-08 22:35:04','DE','Berlin',NULL,'Sonne, Sun','SunRiiZe',972,1,0,7.00,NULL,'2022-02-11 08:00:06',889,'https://trials-np-images.s3.amazonaws.com//uploads/defaultProfileBanner.png',972),('eee@gmail.com','b9QvkmkGNWck0waRokdPGp5Y7T82','2022-02-08 22:42:16','N/A','N/A',NULL,'stop savin chat','eee',0,0,0,0.00,NULL,'2022-02-11 08:00:06',890,'https://trials-np-images.s3.amazonaws.com//uploads/defaultProfileBanner.png',0),('rjburgerr@gmail.com','iSD7u2cJe2QywG8FK9Yjci3rEKo1','2022-02-09 01:47:59','US','Minnesota',NULL,NULL,'RJ Burgerr1',1086,3,1687,6.10,NULL,'2022-02-11 08:00:06',891,'https://trials-np-images.s3.amazonaws.com//uploads/defaultProfileBanner.png',3145),('please@email.com','NSPHkjQiAaOqrjD6hZ5e9L1oYf43','2022-02-09 10:22:15','N/A','N/A',NULL,NULL,'please',930,6,0,8.30,NULL,'2022-02-11 08:00:06',892,'https://trials-np-images.s3.amazonaws.com//uploads/defaultProfileBanner.png',2314),('q7730q+2xw@sharklasers.com','PujMrtGeilPhtjXZFg9Jtz9B3Zp2','2022-02-08 22:47:18','N/A','N/A',NULL,NULL,'giantshark17',0,0,0,0.00,NULL,'2022-02-11 08:00:06',893,'https://trials-np-images.s3.amazonaws.com//uploads/defaultProfileBanner.png',0),('tridentspike@gmail.com','VmO321s4yJcvK4WLc3hMsjLmnzv1','2022-02-08 22:35:57','US','Minnesota',NULL,'Huge cock','RareDrops',0,0,0,0.00,NULL,'2022-02-11 08:00:06',894,'https://trials-np-images.s3.amazonaws.com//uploads/defaultProfileBanner.png',0),('danhalonen123@gmail.com','Z4Z5BjdOcHe6PDRbPqnwCyUvOQ52','2022-02-08 23:45:27','US','Michigan',NULL,NULL,'Danimalls',1467,11,13878,8.00,'I pass hard tracks sometimes','2022-02-11 08:00:06',895,'https://trials-np-images.s3.amazonaws.com//uploads/defaultProfileBanner.png',9280),('lukas-brehmer@gmx.de','4CMFkHPTFIRAgb9bEBLThN9gcTf2','2022-02-08 22:35:04','DE','Berlin',NULL,'Sonne, Sun','SunRiiZe',972,1,0,7.00,NULL,'2022-02-12 08:00:10',896,'https://trials-np-images.s3.amazonaws.com//uploads/defaultProfileBanner.png',972),('eee@gmail.com','b9QvkmkGNWck0waRokdPGp5Y7T82','2022-02-08 22:42:16','N/A','N/A',NULL,'stop savin chat','eee',0,0,0,0.00,NULL,'2022-02-12 08:00:10',897,'https://trials-np-images.s3.amazonaws.com//uploads/defaultProfileBanner.png',0),('rjburgerr@gmail.com','iSD7u2cJe2QywG8FK9Yjci3rEKo1','2022-02-09 01:47:59','US','Minnesota',NULL,NULL,'RJ Burgerr1',1086,3,1687,6.10,NULL,'2022-02-12 08:00:10',898,'https://trials-np-images.s3.amazonaws.com//uploads/defaultProfileBanner.png',3145),('please@email.com','NSPHkjQiAaOqrjD6hZ5e9L1oYf43','2022-02-09 10:22:15','N/A','N/A',NULL,NULL,'please',930,6,0,8.30,NULL,'2022-02-12 08:00:10',899,'https://trials-np-images.s3.amazonaws.com//uploads/defaultProfileBanner.png',2314),('q7730q+2xw@sharklasers.com','PujMrtGeilPhtjXZFg9Jtz9B3Zp2','2022-02-08 22:47:18','N/A','N/A',NULL,NULL,'giantshark17',0,0,0,0.00,NULL,'2022-02-12 08:00:10',900,'https://trials-np-images.s3.amazonaws.com//uploads/defaultProfileBanner.png',0),('tridentspike@gmail.com','VmO321s4yJcvK4WLc3hMsjLmnzv1','2022-02-08 22:35:57','US','Minnesota',NULL,'Huge cock','RareDrops',0,0,0,0.00,NULL,'2022-02-12 08:00:10',901,'https://trials-np-images.s3.amazonaws.com//uploads/defaultProfileBanner.png',0),('danhalonen123@gmail.com','Z4Z5BjdOcHe6PDRbPqnwCyUvOQ52','2022-02-08 23:45:27','US','Michigan',NULL,NULL,'Danimalls',1467,11,13878,8.00,'I pass hard tracks sometimes','2022-02-12 08:00:10',902,'https://trials-np-images.s3.amazonaws.com//uploads/defaultProfileBanner.png',9280),('lukas-brehmer@gmx.de','4CMFkHPTFIRAgb9bEBLThN9gcTf2','2022-02-08 22:35:04','DE','Berlin',NULL,'Sonne, Sun','SunRiiZe',972,1,0,7.00,NULL,'2022-02-14 08:00:00',903,'https://trials-np-images.s3.amazonaws.com//uploads/defaultProfileBanner.png',972),('eee@gmail.com','b9QvkmkGNWck0waRokdPGp5Y7T82','2022-02-08 22:42:16','N/A','N/A',NULL,'stop savin chat','eee',0,0,0,0.00,NULL,'2022-02-14 08:00:00',904,'https://trials-np-images.s3.amazonaws.com//uploads/defaultProfileBanner.png',0),('rjburgerr@gmail.com','iSD7u2cJe2QywG8FK9Yjci3rEKo1','2022-02-09 01:47:59','US','Minnesota',NULL,NULL,'RJ Burgerr1',1086,3,1687,6.10,NULL,'2022-02-14 08:00:00',905,'https://trials-np-images.s3.amazonaws.com//uploads/defaultProfileBanner.png',3145),('please@email.com','NSPHkjQiAaOqrjD6hZ5e9L1oYf43','2022-02-09 10:22:15','N/A','N/A',NULL,NULL,'please',930,6,0,8.30,NULL,'2022-02-14 08:00:00',906,'https://trials-np-images.s3.amazonaws.com//uploads/defaultProfileBanner.png',2314),('q7730q+2xw@sharklasers.com','PujMrtGeilPhtjXZFg9Jtz9B3Zp2','2022-02-08 22:47:18','N/A','N/A',NULL,NULL,'giantshark17',0,0,0,0.00,NULL,'2022-02-14 08:00:00',907,'https://trials-np-images.s3.amazonaws.com//uploads/defaultProfileBanner.png',0),('tridentspike@gmail.com','VmO321s4yJcvK4WLc3hMsjLmnzv1','2022-02-08 22:35:57','US','Minnesota',NULL,'Huge cock','RareDrops',0,0,0,0.00,NULL,'2022-02-14 08:00:00',908,'https://trials-np-images.s3.amazonaws.com//uploads/defaultProfileBanner.png',0),('danhalonen123@gmail.com','Z4Z5BjdOcHe6PDRbPqnwCyUvOQ52','2022-02-08 23:45:27','US','Michigan',NULL,NULL,'Danimalls',1467,11,13878,8.00,'I pass hard tracks sometimes','2022-02-14 08:00:00',909,'https://trials-np-images.s3.amazonaws.com//uploads/defaultProfileBanner.png',9280),('lukas-brehmer@gmx.de','4CMFkHPTFIRAgb9bEBLThN9gcTf2','2022-02-08 22:35:04','DE','Berlin',NULL,'Sonne, Sun','SunRiiZe',972,1,0,7.00,NULL,'2022-02-17 08:00:00',910,'https://trials-np-images.s3.amazonaws.com//uploads/defaultProfileBanner.png',972),('eee@gmail.com','b9QvkmkGNWck0waRokdPGp5Y7T82','2022-02-08 22:42:16','N/A','N/A',NULL,'stop savin chat','eee',0,0,0,0.00,NULL,'2022-02-17 08:00:00',911,'https://trials-np-images.s3.amazonaws.com//uploads/defaultProfileBanner.png',0),('rjburgerr@gmail.com','iSD7u2cJe2QywG8FK9Yjci3rEKo1','2022-02-09 01:47:59','US','Minnesota',NULL,NULL,'RJ Burgerr1',1086,3,1687,6.10,NULL,'2022-02-17 08:00:00',912,'https://trials-np-images.s3.amazonaws.com//uploads/defaultProfileBanner.png',3145),('please@email.com','NSPHkjQiAaOqrjD6hZ5e9L1oYf43','2022-02-09 10:22:15','N/A','N/A',NULL,NULL,'please',930,6,0,8.30,NULL,'2022-02-17 08:00:00',913,'https://trials-np-images.s3.amazonaws.com//uploads/defaultProfileBanner.png',2314),('q7730q+2xw@sharklasers.com','PujMrtGeilPhtjXZFg9Jtz9B3Zp2','2022-02-08 22:47:18','N/A','N/A',NULL,NULL,'giantshark17',0,0,0,0.00,NULL,'2022-02-17 08:00:00',914,'https://trials-np-images.s3.amazonaws.com//uploads/defaultProfileBanner.png',0),('tridentspike@gmail.com','VmO321s4yJcvK4WLc3hMsjLmnzv1','2022-02-08 22:35:57','US','Minnesota',NULL,'Huge cock','RareDrops',0,0,0,0.00,NULL,'2022-02-17 08:00:00',915,'https://trials-np-images.s3.amazonaws.com//uploads/defaultProfileBanner.png',0),('danhalonen123@gmail.com','Z4Z5BjdOcHe6PDRbPqnwCyUvOQ52','2022-02-08 23:45:27','US','Michigan',NULL,NULL,'Danimalls',1467,11,13878,8.00,'I pass hard tracks sometimes','2022-02-17 08:00:00',916,'https://trials-np-images.s3.amazonaws.com//uploads/defaultProfileBanner.png',9280),('lukas-brehmer@gmx.de','4CMFkHPTFIRAgb9bEBLThN9gcTf2','2022-02-08 22:35:04','DE','Berlin',NULL,'Sonne, Sun','SunRiiZe',972,1,0,7.00,NULL,'2022-02-22 08:00:00',917,'https://trialsnp-photos.s3.amazonaws.com/profiles/banners/defaultProfileBanner.png',972),('eee@gmail.com','b9QvkmkGNWck0waRokdPGp5Y7T82','2022-02-08 22:42:16','N/A','N/A',NULL,'stop savin chat','eee',0,0,0,0.00,NULL,'2022-02-22 08:00:00',918,'https://trialsnp-photos.s3.amazonaws.com/profiles/banners/defaultProfileBanner.png',0),('rjburgerr@gmail.com','iSD7u2cJe2QywG8FK9Yjci3rEKo1','2022-02-09 01:47:59','US','Minnesota',NULL,NULL,'RJ Burgerr1',1086,3,1687,6.10,NULL,'2022-02-22 08:00:00',919,'https://trialsnp-photos.s3.amazonaws.com/profiles/banners/defaultProfileBanner.png',3145),('please@email.com','NSPHkjQiAaOqrjD6hZ5e9L1oYf43','2022-02-09 10:22:15','N/A','N/A',NULL,NULL,'please',930,11,876,8.30,NULL,'2022-02-22 08:00:00',920,'https://trialsnp-photos.s3.amazonaws.com/profiles/banners/defaultProfileBanner.png',5164),('q7730q+2xw@sharklasers.com','PujMrtGeilPhtjXZFg9Jtz9B3Zp2','2022-02-08 22:47:18','N/A','N/A',NULL,NULL,'giantshark17',0,0,0,0.00,NULL,'2022-02-22 08:00:00',921,'https://trialsnp-photos.s3.amazonaws.com/profiles/banners/defaultProfileBanner.png',0),('TESTUER@G.com','v9ksChUkaNSVMjbRl464C4caDUm1','2022-02-21 18:27:01','N/A','N/A',NULL,NULL,'TESTUSER',0,0,0,0.00,NULL,'2022-02-22 08:00:00',922,'https://trialsnp-photos.s3.amazonaws.com/profiles/banners/v9ksChUkaNSVMjbRl464C4caDUm1-ea079edc5c5bec55dbe64e88f4455ad884d93abb_1.jpg',0),('tridentspike@gmail.com','VmO321s4yJcvK4WLc3hMsjLmnzv1','2022-02-08 22:35:57','US','Minnesota',NULL,'Huge cock','RareDrops',0,0,0,0.00,NULL,'2022-02-22 08:00:00',923,'https://trialsnp-photos.s3.amazonaws.com/profiles/banners/defaultProfileBanner.png',0),('danhalonen123@gmail.com','Z4Z5BjdOcHe6PDRbPqnwCyUvOQ52','2022-02-08 23:45:27','US','Michigan',NULL,NULL,'Danimalls',1467,11,13878,8.00,'I pass hard tracks sometimes','2022-02-22 08:00:00',924,'https://trialsnp-photos.s3.amazonaws.com/profiles/banners/defaultProfileBanner.png',9280),('lukas-brehmer@gmx.de','4CMFkHPTFIRAgb9bEBLThN9gcTf2','2022-02-08 22:35:04','DE','Berlin',NULL,'Sonne, Sun','SunRiiZe',972,1,0,7.00,NULL,'2022-02-23 08:00:00',925,'https://trialsnp-photos.s3.amazonaws.com/profiles/banners/defaultProfileBanner.png',972),('eee@gmail.com','b9QvkmkGNWck0waRokdPGp5Y7T82','2022-02-08 22:42:16','N/A','N/A',NULL,'stop savin chat','eee',0,0,0,0.00,NULL,'2022-02-23 08:00:00',926,'https://trialsnp-photos.s3.amazonaws.com/profiles/banners/defaultProfileBanner.png',0),('rjburgerr@gmail.com','iSD7u2cJe2QywG8FK9Yjci3rEKo1','2022-02-09 01:47:59','US','Minnesota',NULL,NULL,'RJ Burgerr1',1086,3,1687,6.10,NULL,'2022-02-23 08:00:00',927,'https://trialsnp-photos.s3.amazonaws.com/profiles/banners/defaultProfileBanner.png',3145),('please@email.com','NSPHkjQiAaOqrjD6hZ5e9L1oYf43','2022-02-09 10:22:15','N/A','N/A',NULL,NULL,'please',930,11,876,8.30,NULL,'2022-02-23 08:00:00',928,'https://trialsnp-photos.s3.amazonaws.com/profiles/banners/defaultProfileBanner.png',5164),('q7730q+2xw@sharklasers.com','PujMrtGeilPhtjXZFg9Jtz9B3Zp2','2022-02-08 22:47:18','N/A','N/A',NULL,NULL,'giantshark17',0,0,0,0.00,NULL,'2022-02-23 08:00:00',929,'https://trialsnp-photos.s3.amazonaws.com/profiles/banners/defaultProfileBanner.png',0),('TESTUER@G.com','v9ksChUkaNSVMjbRl464C4caDUm1','2022-02-21 18:27:01','N/A','N/A',NULL,NULL,'TESTUSER',0,0,0,0.00,'plpl','2022-02-23 08:00:00',930,'https://trialsnp-photos.s3.amazonaws.com/profiles/banners/v9ksChUkaNSVMjbRl464C4caDUm1-76f3cb7e3467097c6c99d22bbfcdaee652e79d8d54fb1cd833e285e7459bda21_1.jpg',0),('tridentspike@gmail.com','VmO321s4yJcvK4WLc3hMsjLmnzv1','2022-02-08 22:35:57','US','Minnesota',NULL,'Huge cock','RareDrops',0,0,0,0.00,NULL,'2022-02-23 08:00:00',931,'https://trialsnp-photos.s3.amazonaws.com/profiles/banners/defaultProfileBanner.png',0),('danhalonen123@gmail.com','Z4Z5BjdOcHe6PDRbPqnwCyUvOQ52','2022-02-08 23:45:27','US','Michigan',NULL,NULL,'Danimalls',1467,11,13878,8.00,'I pass hard tracks sometimes','2022-02-23 08:00:00',932,'https://trialsnp-photos.s3.amazonaws.com/profiles/banners/defaultProfileBanner.png',9280),('lukas-brehmer@gmx.de','4CMFkHPTFIRAgb9bEBLThN9gcTf2','2022-02-08 22:35:04','DE','Berlin',NULL,'Sonne, Sun','SunRiiZe',972,1,0,7.00,NULL,'2022-02-24 08:00:10',933,'https://trialsnp-photos.s3.amazonaws.com/profiles/banners/defaultProfileBanner.png',972),('eee@gmail.com','b9QvkmkGNWck0waRokdPGp5Y7T82','2022-02-08 22:42:16','N/A','N/A',NULL,'stop savin chat','eee',0,0,0,0.00,NULL,'2022-02-24 08:00:10',934,'https://trialsnp-photos.s3.amazonaws.com/profiles/banners/defaultProfileBanner.png',0),('rjburgerr@gmail.com','iSD7u2cJe2QywG8FK9Yjci3rEKo1','2022-02-09 01:47:59','US','Minnesota',NULL,NULL,'RJ Burgerr1',1086,3,1687,6.10,NULL,'2022-02-24 08:00:10',935,'https://trialsnp-photos.s3.amazonaws.com/profiles/banners/defaultProfileBanner.png',3145),('please@email.com','NSPHkjQiAaOqrjD6hZ5e9L1oYf43','2022-02-09 10:22:15','N/A','N/A',NULL,NULL,'please',930,11,876,8.30,NULL,'2022-02-24 08:00:10',936,'https://trialsnp-photos.s3.amazonaws.com/profiles/banners/defaultProfileBanner.png',5164),('q7730q+2xw@sharklasers.com','PujMrtGeilPhtjXZFg9Jtz9B3Zp2','2022-02-08 22:47:18','N/A','N/A',NULL,NULL,'giantshark17',0,0,0,0.00,NULL,'2022-02-24 08:00:10',937,'https://trialsnp-photos.s3.amazonaws.com/profiles/banners/defaultProfileBanner.png',0),('TESTUER@G.com','v9ksChUkaNSVMjbRl464C4caDUm1','2022-02-21 18:27:01','GB','N/A',NULL,NULL,'TESTUSER',111,1,111,3.90,'Lorem ipsum dolor sit amet, consectetur adipiscing elit, sed do eiusmod tempor incididunt ut labore et dolore magna aliqua.','2022-02-24 08:00:10',938,'https://trialsnp-photos.s3.amazonaws.com/profiles/banners/v9ksChUkaNSVMjbRl464C4caDUm1-76f3cb7e3467097c6c99d22bbfcdaee652e79d8d54fb1cd833e285e7459bda21_1.jpg',111),('tridentspike@gmail.com','VmO321s4yJcvK4WLc3hMsjLmnzv1','2022-02-08 22:35:57','US','Minnesota',NULL,'Huge cock','RareDrops',0,0,0,0.00,NULL,'2022-02-24 08:00:10',939,'https://trialsnp-photos.s3.amazonaws.com/profiles/banners/defaultProfileBanner.png',0),('danhalonen123@gmail.com','Z4Z5BjdOcHe6PDRbPqnwCyUvOQ52','2022-02-08 23:45:27','US','Michigan',NULL,NULL,'Danimalls',1467,11,13878,8.00,'I pass hard tracks sometimes','2022-02-24 08:00:10',940,'https://trialsnp-photos.s3.amazonaws.com/profiles/banners/defaultProfileBanner.png',9280),('lukas-brehmer@gmx.de','4CMFkHPTFIRAgb9bEBLThN9gcTf2','2022-02-08 22:35:04','DE','Berlin',NULL,'Sonne, Sun','SunRiiZe',972,1,0,7.00,NULL,'2022-02-25 08:00:00',941,'https://trialsnp-photos.s3.amazonaws.com/profiles/banners/defaultProfileBanner.png',972),('eee@gmail.com','b9QvkmkGNWck0waRokdPGp5Y7T82','2022-02-08 22:42:16','N/A','N/A',NULL,'stop savin chat','eee',0,0,0,0.00,NULL,'2022-02-25 08:00:00',942,'https://trialsnp-photos.s3.amazonaws.com/profiles/banners/defaultProfileBanner.png',0),('rjburgerr@gmail.com','iSD7u2cJe2QywG8FK9Yjci3rEKo1','2022-02-09 01:47:59','US','Minnesota',NULL,NULL,'RJ Burgerr1',1086,3,1687,6.10,NULL,'2022-02-25 08:00:00',943,'https://trialsnp-photos.s3.amazonaws.com/profiles/banners/defaultProfileBanner.png',3145),('please@email.com','NSPHkjQiAaOqrjD6hZ5e9L1oYf43','2022-02-09 10:22:15','N/A','N/A',NULL,NULL,'please',930,11,876,8.30,NULL,'2022-02-25 08:00:00',944,'https://trialsnp-photos.s3.amazonaws.com/profiles/banners/defaultProfileBanner.png',5164),('q7730q+2xw@sharklasers.com','PujMrtGeilPhtjXZFg9Jtz9B3Zp2','2022-02-08 22:47:18','N/A','N/A',NULL,NULL,'giantshark17',0,0,0,0.00,NULL,'2022-02-25 08:00:00',945,'https://trialsnp-photos.s3.amazonaws.com/profiles/banners/defaultProfileBanner.png',0),('TESTUER@G.com','v9ksChUkaNSVMjbRl464C4caDUm1','2022-02-21 18:27:01','GB','N/A',NULL,NULL,'TESTUSER',111,1,111,3.90,'Lorem ipsum dolor sit amet, consectetur adipiscing elit, sed do eiusmod tempor incididunt ut labore et dolore magna aliqua.','2022-02-25 08:00:00',946,'https://trialsnp-photos.s3.amazonaws.com/profiles/banners/v9ksChUkaNSVMjbRl464C4caDUm1-76f3cb7e3467097c6c99d22bbfcdaee652e79d8d54fb1cd833e285e7459bda21_1.jpg',111),('tridentspike@gmail.com','VmO321s4yJcvK4WLc3hMsjLmnzv1','2022-02-08 22:35:57','US','Minnesota',NULL,'Huge cock','RareDrops',0,0,0,0.00,NULL,'2022-02-25 08:00:00',947,'https://trialsnp-photos.s3.amazonaws.com/profiles/banners/defaultProfileBanner.png',0),('danhalonen123@gmail.com','Z4Z5BjdOcHe6PDRbPqnwCyUvOQ52','2022-02-08 23:45:27','US','Michigan',NULL,NULL,'Danimalls',1467,11,13878,8.00,'I pass hard tracks sometimes','2022-02-25 08:00:00',948,'https://trialsnp-photos.s3.amazonaws.com/profiles/banners/defaultProfileBanner.png',9280),('lukas-brehmer@gmx.de','4CMFkHPTFIRAgb9bEBLThN9gcTf2','2022-02-08 22:35:04','DE','Berlin',NULL,'Sonne, Sun','SunRiiZe',972,1,0,7.00,NULL,'2022-02-26 08:00:09',949,'https://trialsnp-photos.s3.amazonaws.com/profiles/banners/defaultProfileBanner.png',972),('eee@gmail.com','b9QvkmkGNWck0waRokdPGp5Y7T82','2022-02-08 22:42:16','N/A','N/A',NULL,'stop savin chat','eee',0,0,0,0.00,NULL,'2022-02-26 08:00:09',950,'https://trialsnp-photos.s3.amazonaws.com/profiles/banners/defaultProfileBanner.png',0),('rjburgerr@gmail.com','iSD7u2cJe2QywG8FK9Yjci3rEKo1','2022-02-09 01:47:59','US','Minnesota',NULL,NULL,'RJ Burgerr1',1086,3,1687,6.10,NULL,'2022-02-26 08:00:09',951,'https://trialsnp-photos.s3.amazonaws.com/profiles/banners/defaultProfileBanner.png',3145),('please@email.com','NSPHkjQiAaOqrjD6hZ5e9L1oYf43','2022-02-09 10:22:15','N/A','N/A',NULL,NULL,'please',930,11,876,8.30,NULL,'2022-02-26 08:00:09',952,'https://trialsnp-photos.s3.amazonaws.com/profiles/banners/defaultProfileBanner.png',5164),('q7730q+2xw@sharklasers.com','PujMrtGeilPhtjXZFg9Jtz9B3Zp2','2022-02-08 22:47:18','N/A','N/A',NULL,NULL,'giantshark17',0,0,0,0.00,NULL,'2022-02-26 08:00:09',953,'https://trialsnp-photos.s3.amazonaws.com/profiles/banners/defaultProfileBanner.png',0),('TESTUER@G.com','v9ksChUkaNSVMjbRl464C4caDUm1','2022-02-21 18:27:01','GB','N/A',NULL,NULL,'TESTUSER',111,1,111,3.90,'Lorem ipsum dolor sit amet, consectetur adipiscing elit, sed do eiusmod tempor incididunt ut labore et dolore magna aliqua.','2022-02-26 08:00:09',954,'https://trialsnp-photos.s3.amazonaws.com/profiles/banners/v9ksChUkaNSVMjbRl464C4caDUm1-76f3cb7e3467097c6c99d22bbfcdaee652e79d8d54fb1cd833e285e7459bda21_1.jpg',111),('tridentspike@gmail.com','VmO321s4yJcvK4WLc3hMsjLmnzv1','2022-02-08 22:35:57','US','Minnesota',NULL,'Huge cock','RareDrops',0,0,0,0.00,NULL,'2022-02-26 08:00:09',955,'https://trialsnp-photos.s3.amazonaws.com/profiles/banners/defaultProfileBanner.png',0),('danhalonen123@gmail.com','Z4Z5BjdOcHe6PDRbPqnwCyUvOQ52','2022-02-08 23:45:27','US','Michigan',NULL,NULL,'Danimalls',1467,11,13878,8.00,'I pass hard tracks sometimes','2022-02-26 08:00:09',956,'https://trialsnp-photos.s3.amazonaws.com/profiles/banners/defaultProfileBanner.png',9280),('lukas-brehmer@gmx.de','4CMFkHPTFIRAgb9bEBLThN9gcTf2','2022-02-08 22:35:04','DE','Berlin',NULL,'Sonne, Sun','SunRiiZe',972,1,0,7.00,NULL,'2022-02-27 08:00:09',957,'https://trialsnp-photos.s3.amazonaws.com/profiles/banners/defaultProfileBanner.png',972),('eee@gmail.com','b9QvkmkGNWck0waRokdPGp5Y7T82','2022-02-08 22:42:16','N/A','N/A',NULL,'stop savin chat','eee',0,0,0,0.00,NULL,'2022-02-27 08:00:09',958,'https://trialsnp-photos.s3.amazonaws.com/profiles/banners/defaultProfileBanner.png',0),('rjburgerr@gmail.com','iSD7u2cJe2QywG8FK9Yjci3rEKo1','2022-02-09 01:47:59','US','Minnesota',NULL,NULL,'RJ Burgerr1',1086,3,1687,6.10,NULL,'2022-02-27 08:00:09',959,'https://trialsnp-photos.s3.amazonaws.com/profiles/banners/defaultProfileBanner.png',3145),('please@email.com','NSPHkjQiAaOqrjD6hZ5e9L1oYf43','2022-02-09 10:22:15','N/A','N/A',NULL,NULL,'please',930,11,876,8.30,NULL,'2022-02-27 08:00:09',960,'https://trialsnp-photos.s3.amazonaws.com/profiles/banners/defaultProfileBanner.png',5164),('q7730q+2xw@sharklasers.com','PujMrtGeilPhtjXZFg9Jtz9B3Zp2','2022-02-08 22:47:18','N/A','N/A',NULL,NULL,'giantshark17',0,0,0,0.00,NULL,'2022-02-27 08:00:09',961,'https://trialsnp-photos.s3.amazonaws.com/profiles/banners/defaultProfileBanner.png',0),('TESTUER@G.com','v9ksChUkaNSVMjbRl464C4caDUm1','2022-02-21 18:27:01','GB','N/A',NULL,NULL,'TESTUSER',111,1,111,3.90,'Lorem ipsum dolor sit amet, consectetur adipiscing elit, sed do eiusmod tempor incididunt ut labore et dolore magna aliqua.','2022-02-27 08:00:09',962,'https://trialsnp-photos.s3.amazonaws.com/profiles/banners/v9ksChUkaNSVMjbRl464C4caDUm1-76f3cb7e3467097c6c99d22bbfcdaee652e79d8d54fb1cd833e285e7459bda21_1.jpg',111),('tridentspike@gmail.com','VmO321s4yJcvK4WLc3hMsjLmnzv1','2022-02-08 22:35:57','US','Minnesota',NULL,'Huge cock','RareDrops',0,0,0,0.00,NULL,'2022-02-27 08:00:09',963,'https://trialsnp-photos.s3.amazonaws.com/profiles/banners/defaultProfileBanner.png',0),('danhalonen123@gmail.com','Z4Z5BjdOcHe6PDRbPqnwCyUvOQ52','2022-02-08 23:45:27','US','Michigan',NULL,NULL,'Danimalls',1467,11,13878,8.00,'I pass hard tracks sometimes','2022-02-27 08:00:09',964,'https://trialsnp-photos.s3.amazonaws.com/profiles/banners/defaultProfileBanner.png',9280),('lukas-brehmer@gmx.de','4CMFkHPTFIRAgb9bEBLThN9gcTf2','2022-02-08 22:35:04','DE','Berlin',NULL,'Sonne, Sun','SunRiiZe',972,1,0,7.00,NULL,'2022-03-01 08:00:02',965,'https://trialsnp-photos.s3.amazonaws.com/profiles/banners/defaultProfileBanner.png',972),('eee@gmail.com','b9QvkmkGNWck0waRokdPGp5Y7T82','2022-02-08 22:42:16','N/A','N/A',NULL,'stop savin chat','eee',0,0,0,0.00,NULL,'2022-03-01 08:00:02',966,'https://trialsnp-photos.s3.amazonaws.com/profiles/banners/defaultProfileBanner.png',0),('rjburgerr@gmail.com','iSD7u2cJe2QywG8FK9Yjci3rEKo1','2022-02-09 01:47:59','US','Minnesota',NULL,NULL,'RJ Burgerr1',1086,3,1687,6.10,NULL,'2022-03-01 08:00:02',967,'https://trialsnp-photos.s3.amazonaws.com/profiles/banners/defaultProfileBanner.png',3145),('please@email.com','NSPHkjQiAaOqrjD6hZ5e9L1oYf43','2022-02-09 10:22:15','N/A','N/A',NULL,NULL,'please',930,11,876,8.30,NULL,'2022-03-01 08:00:02',968,'https://trialsnp-photos.s3.amazonaws.com/profiles/banners/defaultProfileBanner.png',5164),('q7730q+2xw@sharklasers.com','PujMrtGeilPhtjXZFg9Jtz9B3Zp2','2022-02-08 22:47:18','N/A','N/A',NULL,NULL,'giantshark17',0,0,0,0.00,NULL,'2022-03-01 08:00:02',969,'https://trialsnp-photos.s3.amazonaws.com/profiles/banners/defaultProfileBanner.png',0),('TESTUER@G.com','v9ksChUkaNSVMjbRl464C4caDUm1','2022-02-21 18:27:01','US','Minnesota',NULL,NULL,'TESTUSER',111,1,111,3.90,'I created this :)','2022-03-01 08:00:02',970,'https://trialsnp-photos.s3.amazonaws.com/profiles/banners/v9ksChUkaNSVMjbRl464C4caDUm1-0fd56da9bc6ad84c030a826c6b5818a9112f43a8_1.jpg',111),('tridentspike@gmail.com','VmO321s4yJcvK4WLc3hMsjLmnzv1','2022-02-08 22:35:57','US','Minnesota',NULL,'Huge cock','RareDrops',0,0,0,0.00,NULL,'2022-03-01 08:00:02',971,'https://trialsnp-photos.s3.amazonaws.com/profiles/banners/defaultProfileBanner.png',0),('danhalonen123@gmail.com','Z4Z5BjdOcHe6PDRbPqnwCyUvOQ52','2022-02-08 23:45:27','US','Michigan',NULL,NULL,'Danimalls',1467,11,13878,8.00,'I pass hard tracks sometimes','2022-03-01 08:00:02',972,'https://trialsnp-photos.s3.amazonaws.com/profiles/banners/defaultProfileBanner.png',9280);
/*!40000 ALTER TABLE `profileshistory` ENABLE KEYS */;
UNLOCK TABLES;

--
-- Table structure for table `runs`
--

DROP TABLE IF EXISTS `runs`;
/*!40101 SET @saved_cs_client     = @@character_set_client */;
/*!50503 SET character_set_client = utf8mb4 */;
CREATE TABLE `runs` (
  `rider` varchar(45) NOT NULL,
  `rank` int DEFAULT NULL,
  `faults` int NOT NULL,
  `time` varchar(9) NOT NULL,
  `track-name` varchar(45) NOT NULL,
  `ninja-points` float(7,2) NOT NULL DEFAULT '0.00',
  `ninja-level` float(3,2) NOT NULL,
  `length` enum('Short','Medium','Long') NOT NULL,
  `consistency` enum('Not At All','Not Very','Moderately','Very','Extremely') NOT NULL,
  `rating` float(3,2) DEFAULT NULL,
  `creator` varchar(45) NOT NULL,
  `id` varchar(29) NOT NULL,
  `date` datetime NOT NULL DEFAULT CURRENT_TIMESTAMP,
  `video` varchar(100) DEFAULT NULL,
  PRIMARY KEY (`track-name`,`id`,`creator`),
  KEY `rider_idx` (`rider`) /*!80000 INVISIBLE */,
  KEY `creator_idx` (`creator`),
  KEY `track-name_idx` (`track-name`),
  CONSTRAINT `creator` FOREIGN KEY (`creator`) REFERENCES `creators` (`creator`),
  CONSTRAINT `track-name` FOREIGN KEY (`track-name`) REFERENCES `tracks` (`track-name`)
) ENGINE=InnoDB DEFAULT CHARSET=utf8mb4 COLLATE=utf8mb4_0900_ai_ci;
/*!40101 SET character_set_client = @saved_cs_client */;

--
-- Dumping data for table `runs`
--

LOCK TABLES `runs` WRITE;
/*!40000 ALTER TABLE `runs` DISABLE KEYS */;
INSERT INTO `runs` VALUES ('please',0,123,'12:31.231','afadfadf',405.89,5.00,'Medium','Moderately',3.00,'wefwefwef','NSPHkjQiAaOqrjD6hZ5e9L1oYf43','2022-02-10 04:36:49',NULL),('Danimalls',5,67,'16:35.075','Annihilation',839.07,7.30,'Long','Very',5.00,'Qkoosy','Z4Z5BjdOcHe6PDRbPqnwCyUvOQ52','2022-02-09 00:03:55',NULL),('RJ Burgerr1',1,100,'03:00.000','Apostle',710.21,6.00,'Medium','Moderately',5.00,'Qkoosy','iSD7u2cJe2QywG8FK9Yjci3rEKo1','2022-02-09 06:40:56',NULL),('please',0,100,'03:00.000','asdas',887.76,6.00,'Medium','Not Very',3.00,'asdd','NSPHkjQiAaOqrjD6hZ5e9L1oYf43','2022-02-09 23:01:27',NULL),('Danimalls',5,87,'26:26.308','Dark Sabotage',521.37,7.30,'Medium','Very',5.00,'Qkoosy','Z4Z5BjdOcHe6PDRbPqnwCyUvOQ52','2022-02-09 00:09:20',NULL),('please',0,70,'26:33.714','Erebus',1162.54,8.30,'Long','Moderately',4.00,'matthew_wayne','NSPHkjQiAaOqrjD6hZ5e9L1oYf43','2022-02-10 06:53:09','https://www.youtube.com/watch?v=0PRjKjIuS5c'),('Danimalls',2,35,'17:00.731','Flabbergasted',1467.37,8.00,'Long','Moderately',4.00,'Cavemandave247','Z4Z5BjdOcHe6PDRbPqnwCyUvOQ52','2022-02-09 00:11:52',NULL),('Danimalls',2,19,'07:14.380','Fuji',860.93,7.00,'Medium','Very',5.00,'Skilbo_Baggins','Z4Z5BjdOcHe6PDRbPqnwCyUvOQ52','2022-02-09 00:06:12',NULL),('Danimalls',7,53,'28:23.896','Infinity',607.55,8.00,'Long','Extremely',5.00,'Cavemandave247','Z4Z5BjdOcHe6PDRbPqnwCyUvOQ52','2022-02-09 00:11:00',NULL),('please',0,141,'12:51.515','looloo',304.12,4.40,'Medium','Moderately',3.00,'llollo','NSPHkjQiAaOqrjD6hZ5e9L1oYf43','2022-02-18 19:27:43',''),('Danimalls',4,18,'07:44.145','Luscious',883.49,7.10,'Medium','Very',5.00,'Classyfication','Z4Z5BjdOcHe6PDRbPqnwCyUvOQ52','2022-02-09 00:01:23',NULL),('RJ Burgerr1',1,0,'02:49.087','Madoka',1056.73,6.00,'Medium','Moderately',5.00,'Qkoosy','iSD7u2cJe2QywG8FK9Yjci3rEKo1','2022-02-09 08:32:20',NULL),('Danimalls',3,26,'08:52.783','Malicious',856.16,7.20,'Medium','Very',5.00,'Qkoosy','Z4Z5BjdOcHe6PDRbPqnwCyUvOQ52','2022-02-09 00:07:59',NULL),('please',0,123,'12:31.231','maoaomooo',731.90,5.60,'Medium','Not At All',3.00,'kaooakooo','NSPHkjQiAaOqrjD6hZ5e9L1oYf43','2022-02-18 19:25:51',''),('please',0,123,'12:31.231','maoomooo',731.90,5.60,'Medium','Not At All',3.00,'kaookooo','NSPHkjQiAaOqrjD6hZ5e9L1oYf43','2022-02-18 19:25:28',''),('please',0,123,'12:31.231','moomoo',731.90,5.60,'Medium','Not At All',3.00,'kookoo','NSPHkjQiAaOqrjD6hZ5e9L1oYf43','2022-02-18 19:24:01',''),('please',0,123,'12:31.231','moomooo',731.90,5.60,'Medium','Not At All',3.00,'kookooo','NSPHkjQiAaOqrjD6hZ5e9L1oYf43','2022-02-18 19:24:35',''),('testuser2',0,123,'12:31.231','omjowefmo',319.50,3.70,'Medium','Not At All',3.00,'omwoefmo','G44Vx0eJn8c12fC4im8I994iZWT2','2022-02-09 10:20:54',NULL),('please',0,123,'12:31.231','plaspl',126.84,2.50,'Medium','Not Very',4.00,'apsldp','NSPHkjQiAaOqrjD6hZ5e9L1oYf43','2022-02-18 18:57:40',''),('please',0,123,'12:31.231','qfqwf',731.90,5.60,'Medium','Not At All',3.00,'qwfqwf','NSPHkjQiAaOqrjD6hZ5e9L1oYf43','2022-02-18 19:10:17',''),('please',0,123,'12:31.231','qfqwfd',731.90,5.60,'Medium','Not At All',3.00,'qwfqwfd','NSPHkjQiAaOqrjD6hZ5e9L1oYf43','2022-02-18 19:17:29',''),('please',0,123,'21:31.231','qwdfqwdpl',221.10,3.60,'Medium','Not Very',4.00,'qwedfplp123','NSPHkjQiAaOqrjD6hZ5e9L1oYf43','2022-02-18 19:07:38',''),('please',0,123,'21:31.231','qwdfqwdpld',221.10,3.60,'Medium','Not Very',4.00,'qwedfplp123d','NSPHkjQiAaOqrjD6hZ5e9L1oYf43','2022-02-18 19:08:07',''),('testuser2',0,123,'12:31.231','qwdqwd',234.60,3.40,'Medium','Not Very',4.00,'qwdqwd','G44Vx0eJn8c12fC4im8I994iZWT2','2022-02-09 10:19:15',NULL),('testuser2',0,123,'12:31.231','qwdqwdewv',234.60,3.40,'Medium','Not Very',4.00,'qwdqwdvwe','G44Vx0eJn8c12fC4im8I994iZWT2','2022-02-09 10:20:02',NULL),('Danimalls',13,64,'16:48.517','Sabotage',825.57,7.00,'Medium','Moderately',5.00,'Slikscythez','Z4Z5BjdOcHe6PDRbPqnwCyUvOQ52','2022-02-09 00:02:32',NULL),('please',0,123,'12:31.231','saefsgfwsef',564.79,4.40,'Long','Not At All',3.00,'wefwef','NSPHkjQiAaOqrjD6hZ5e9L1oYf43','2022-02-10 04:49:09','https://www.youtube.com/watch?v=unEjnnAx8mM'),('RJ Burgerr1',1,0,'02:08.362','The 7 Titans',1002.33,5.20,'Medium','Not Very',5.00,'Slikscythez','iSD7u2cJe2QywG8FK9Yjci3rEKo1','2022-02-09 06:36:09',NULL),('Danimalls',7,98,'24:29.602','Vicious',640.93,8.00,'Medium','Very',5.00,'Slikscythez','Z4Z5BjdOcHe6PDRbPqnwCyUvOQ52','2022-02-09 00:10:15',NULL),('Danimalls',9,223,'28:13.595','Vicit',746.68,7.60,'Long','Moderately',4.00,'Danimalls','Z4Z5BjdOcHe6PDRbPqnwCyUvOQ52','2022-02-09 00:05:22',NULL),('please',0,123,'12:31.231','vqwdv',294.83,4.30,'Short','Not Very',3.00,'wvqwdq','NSPHkjQiAaOqrjD6hZ5e9L1oYf43','2022-02-09 10:22:31',NULL),('TESTUSER',0,342,'23:42.342','wergwegwe',283.18,3.90,'Long','Not At All',4.00,'gwegwe2','v9ksChUkaNSVMjbRl464C4caDUm1','2022-02-23 20:43:05',''),('SunRiiZe',10,112,'18:34.866','Within',474.49,7.00,'Medium','Extremely',5.00,'ZZZZZZach','4CMFkHPTFIRAgb9bEBLThN9gcTf2','2022-02-08 22:50:43',NULL),('Danimalls',9,63,'20:36.739','Within',503.57,7.00,'Medium','Very',5.00,'ZZZZZZach','Z4Z5BjdOcHe6PDRbPqnwCyUvOQ52','2022-02-08 23:55:39',NULL);
/*!40000 ALTER TABLE `runs` ENABLE KEYS */;
UNLOCK TABLES;

--
-- Table structure for table `runshistory`
--

DROP TABLE IF EXISTS `runshistory`;
/*!40101 SET @saved_cs_client     = @@character_set_client */;
/*!50503 SET character_set_client = utf8mb4 */;
CREATE TABLE `runshistory` (
  `rider` varchar(45) NOT NULL,
  `rank` int DEFAULT NULL,
  `faults` int NOT NULL,
  `time` varchar(9) NOT NULL,
  `track-name` varchar(45) NOT NULL,
  `ninja-points` float(7,2) DEFAULT NULL,
  `ninja-level` float(3,2) NOT NULL,
  `length` enum('Short','Medium','Long') NOT NULL,
  `consistency` enum('Not At All','Not Very','Moderately','Very','Extremely') NOT NULL,
  `rating` float(3,2) DEFAULT NULL,
  `creator` varchar(45) NOT NULL,
  `id` varchar(29) NOT NULL,
  `date` datetime NOT NULL DEFAULT CURRENT_TIMESTAMP,
  `video` varchar(100) DEFAULT NULL,
  `history-dates` datetime NOT NULL DEFAULT CURRENT_TIMESTAMP,
  `index` int NOT NULL AUTO_INCREMENT,
  PRIMARY KEY (`index`)
) ENGINE=InnoDB AUTO_INCREMENT=4473 DEFAULT CHARSET=utf8mb4 COLLATE=utf8mb4_0900_ai_ci;
/*!40101 SET character_set_client = @saved_cs_client */;

--
-- Dumping data for table `runshistory`
--

LOCK TABLES `runshistory` WRITE;
/*!40000 ALTER TABLE `runshistory` DISABLE KEYS */;
INSERT INTO `runshistory` VALUES ('please',0,123,'12:31.231','afadfadf',507.36,5.00,'Medium','Moderately',3.00,'wefwefwef','NSPHkjQiAaOqrjD6hZ5e9L1oYf43','2022-02-10 04:36:49',NULL,'2022-02-10 08:00:00',4110),('Danimalls',5,67,'16:35.075','Annihilation',839.07,7.30,'Long','Very',5.00,'Qkoosy','Z4Z5BjdOcHe6PDRbPqnwCyUvOQ52','2022-02-09 00:03:55',NULL,'2022-02-10 08:00:00',4111),('RJ Burgerr1',1,0,'03:11.813','Apostle',1086.00,6.10,'Medium','Moderately',5.00,'Qkoosy','iSD7u2cJe2QywG8FK9Yjci3rEKo1','2022-02-09 06:40:56',NULL,'2022-02-10 08:00:00',4112),('please',0,123,'12:31.231','asdas',281.43,4.30,'Medium','Not Very',3.00,'asdd','NSPHkjQiAaOqrjD6hZ5e9L1oYf43','2022-02-09 23:01:27',NULL,'2022-02-10 08:00:00',4113),('please',0,123,'12:31.231','asdas',136.99,3.00,'Medium','Not Very',3.00,'dasdasd','NSPHkjQiAaOqrjD6hZ5e9L1oYf43','2022-02-09 22:53:58',NULL,'2022-02-10 08:00:00',4114),('Danimalls',5,87,'26:26.308','Dark Sabotage',521.37,7.30,'Medium','Very',5.00,'Qkoosy','Z4Z5BjdOcHe6PDRbPqnwCyUvOQ52','2022-02-09 00:09:20',NULL,'2022-02-10 08:00:00',4115),('please',0,70,'26:33.714','Erebus',930.03,8.30,'Long','Moderately',4.00,'matthew_wayne','NSPHkjQiAaOqrjD6hZ5e9L1oYf43','2022-02-10 06:53:09','https://www.youtube.com/watch?v=0PRjKjIuS5c','2022-02-10 08:00:00',4116),('Danimalls',2,35,'17:00.731','Flabbergasted',1467.37,8.00,'Long','Moderately',4.00,'Cavemandave247','Z4Z5BjdOcHe6PDRbPqnwCyUvOQ52','2022-02-09 00:11:52',NULL,'2022-02-10 08:00:00',4117),('Danimalls',2,19,'07:14.380','Fuji',860.93,7.00,'Medium','Very',5.00,'Skilbo_Baggins','Z4Z5BjdOcHe6PDRbPqnwCyUvOQ52','2022-02-09 00:06:12',NULL,'2022-02-10 08:00:00',4118),('Danimalls',7,53,'28:23.896','Infinity',607.55,8.00,'Long','Extremely',5.00,'Cavemandave247','Z4Z5BjdOcHe6PDRbPqnwCyUvOQ52','2022-02-09 00:11:00',NULL,'2022-02-10 08:00:00',4119),('Danimalls',4,18,'07:44.145','Luscious',883.49,7.10,'Medium','Very',5.00,'Classyfication','Z4Z5BjdOcHe6PDRbPqnwCyUvOQ52','2022-02-09 00:01:23',NULL,'2022-02-10 08:00:00',4120),('RJ Burgerr1',1,0,'02:49.087','Madoka',1056.73,6.00,'Medium','Moderately',5.00,'Qkoosy','iSD7u2cJe2QywG8FK9Yjci3rEKo1','2022-02-09 08:32:20',NULL,'2022-02-10 08:00:00',4121),('Danimalls',3,26,'08:52.783','Malicious',856.16,7.20,'Medium','Very',5.00,'Qkoosy','Z4Z5BjdOcHe6PDRbPqnwCyUvOQ52','2022-02-09 00:07:59',NULL,'2022-02-10 08:00:00',4122),('testuser2',0,123,'12:31.231','omjowefmo',156.28,3.70,'Medium','Not At All',3.00,'omwoefmo','G44Vx0eJn8c12fC4im8I994iZWT2','2022-02-09 10:20:54',NULL,'2022-02-10 08:00:00',4123),('testuser2',0,123,'12:31.231','qwdqwd',175.95,3.40,'Medium','Not Very',4.00,'qwdqwd','G44Vx0eJn8c12fC4im8I994iZWT2','2022-02-09 10:19:15',NULL,'2022-02-10 08:00:00',4124),('testuser2',0,123,'12:31.231','qwdqwdewv',175.95,3.40,'Medium','Not Very',4.00,'qwdqwdvwe','G44Vx0eJn8c12fC4im8I994iZWT2','2022-02-09 10:20:02',NULL,'2022-02-10 08:00:00',4125),('Danimalls',13,64,'16:48.517','Sabotage',825.57,7.00,'Medium','Moderately',5.00,'Slikscythez','Z4Z5BjdOcHe6PDRbPqnwCyUvOQ52','2022-02-09 00:02:32',NULL,'2022-02-10 08:00:00',4126),('please',0,123,'12:31.231','saefsgfwsef',176.80,4.40,'Long','Not At All',3.00,'wefwef','NSPHkjQiAaOqrjD6hZ5e9L1oYf43','2022-02-10 04:49:09','https://www.youtube.com/watch?v=unEjnnAx8mM','2022-02-10 08:00:00',4127),('RJ Burgerr1',1,0,'02:08.362','The 7 Titans',1002.33,5.20,'Medium','Not Very',5.00,'Slikscythez','iSD7u2cJe2QywG8FK9Yjci3rEKo1','2022-02-09 06:36:09',NULL,'2022-02-10 08:00:00',4128),('Danimalls',7,98,'24:29.602','Vicious',640.93,8.00,'Medium','Very',5.00,'Slikscythez','Z4Z5BjdOcHe6PDRbPqnwCyUvOQ52','2022-02-09 00:10:15',NULL,'2022-02-10 08:00:00',4129),('Danimalls',9,223,'28:13.595','Vicit',746.68,7.60,'Long','Moderately',4.00,'Danimalls','Z4Z5BjdOcHe6PDRbPqnwCyUvOQ52','2022-02-09 00:05:22',NULL,'2022-02-10 08:00:00',4130),('please',0,123,'12:31.231','vqwdv',281.43,4.30,'Medium','Not Very',3.00,'wvqwdq','NSPHkjQiAaOqrjD6hZ5e9L1oYf43','2022-02-09 10:22:31',NULL,'2022-02-10 08:00:00',4131),('SunRiiZe',10,112,'18:34.866','Within',971.58,7.00,'Medium','Extremely',5.00,'ZZZZZZach','4CMFkHPTFIRAgb9bEBLThN9gcTf2','2022-02-08 22:50:43',NULL,'2022-02-10 08:00:00',4132),('Danimalls',9,63,'20:36.739','Within',1031.12,7.00,'Medium','Very',5.00,'ZZZZZZach','Z4Z5BjdOcHe6PDRbPqnwCyUvOQ52','2022-02-08 23:55:39',NULL,'2022-02-10 08:00:00',4133),('please',0,123,'12:31.231','afadfadf',507.36,5.00,'Medium','Moderately',3.00,'wefwefwef','NSPHkjQiAaOqrjD6hZ5e9L1oYf43','2022-02-10 04:36:49',NULL,'2022-02-11 08:00:06',4134),('Danimalls',5,67,'16:35.075','Annihilation',839.07,7.30,'Long','Very',5.00,'Qkoosy','Z4Z5BjdOcHe6PDRbPqnwCyUvOQ52','2022-02-09 00:03:55',NULL,'2022-02-11 08:00:06',4135),('RJ Burgerr1',1,0,'03:11.813','Apostle',1086.00,6.10,'Medium','Moderately',5.00,'Qkoosy','iSD7u2cJe2QywG8FK9Yjci3rEKo1','2022-02-09 06:40:56',NULL,'2022-02-11 08:00:06',4136),('please',0,123,'12:31.231','asdas',281.43,4.30,'Medium','Not Very',3.00,'asdd','NSPHkjQiAaOqrjD6hZ5e9L1oYf43','2022-02-09 23:01:27',NULL,'2022-02-11 08:00:06',4137),('please',0,123,'12:31.231','asdas',136.99,3.00,'Medium','Not Very',3.00,'dasdasd','NSPHkjQiAaOqrjD6hZ5e9L1oYf43','2022-02-09 22:53:58',NULL,'2022-02-11 08:00:06',4138),('Danimalls',5,87,'26:26.308','Dark Sabotage',521.37,7.30,'Medium','Very',5.00,'Qkoosy','Z4Z5BjdOcHe6PDRbPqnwCyUvOQ52','2022-02-09 00:09:20',NULL,'2022-02-11 08:00:06',4139),('please',0,70,'26:33.714','Erebus',930.03,8.30,'Long','Moderately',4.00,'matthew_wayne','NSPHkjQiAaOqrjD6hZ5e9L1oYf43','2022-02-10 06:53:09','https://www.youtube.com/watch?v=0PRjKjIuS5c','2022-02-11 08:00:06',4140),('Danimalls',2,35,'17:00.731','Flabbergasted',1467.37,8.00,'Long','Moderately',4.00,'Cavemandave247','Z4Z5BjdOcHe6PDRbPqnwCyUvOQ52','2022-02-09 00:11:52',NULL,'2022-02-11 08:00:06',4141),('Danimalls',2,19,'07:14.380','Fuji',860.93,7.00,'Medium','Very',5.00,'Skilbo_Baggins','Z4Z5BjdOcHe6PDRbPqnwCyUvOQ52','2022-02-09 00:06:12',NULL,'2022-02-11 08:00:06',4142),('Danimalls',7,53,'28:23.896','Infinity',607.55,8.00,'Long','Extremely',5.00,'Cavemandave247','Z4Z5BjdOcHe6PDRbPqnwCyUvOQ52','2022-02-09 00:11:00',NULL,'2022-02-11 08:00:06',4143),('Danimalls',4,18,'07:44.145','Luscious',883.49,7.10,'Medium','Very',5.00,'Classyfication','Z4Z5BjdOcHe6PDRbPqnwCyUvOQ52','2022-02-09 00:01:23',NULL,'2022-02-11 08:00:06',4144),('RJ Burgerr1',1,0,'02:49.087','Madoka',1056.73,6.00,'Medium','Moderately',5.00,'Qkoosy','iSD7u2cJe2QywG8FK9Yjci3rEKo1','2022-02-09 08:32:20',NULL,'2022-02-11 08:00:06',4145),('Danimalls',3,26,'08:52.783','Malicious',856.16,7.20,'Medium','Very',5.00,'Qkoosy','Z4Z5BjdOcHe6PDRbPqnwCyUvOQ52','2022-02-09 00:07:59',NULL,'2022-02-11 08:00:06',4146),('testuser2',0,123,'12:31.231','omjowefmo',156.28,3.70,'Medium','Not At All',3.00,'omwoefmo','G44Vx0eJn8c12fC4im8I994iZWT2','2022-02-09 10:20:54',NULL,'2022-02-11 08:00:06',4147),('testuser2',0,123,'12:31.231','qwdqwd',175.95,3.40,'Medium','Not Very',4.00,'qwdqwd','G44Vx0eJn8c12fC4im8I994iZWT2','2022-02-09 10:19:15',NULL,'2022-02-11 08:00:06',4148),('testuser2',0,123,'12:31.231','qwdqwdewv',175.95,3.40,'Medium','Not Very',4.00,'qwdqwdvwe','G44Vx0eJn8c12fC4im8I994iZWT2','2022-02-09 10:20:02',NULL,'2022-02-11 08:00:06',4149),('Danimalls',13,64,'16:48.517','Sabotage',825.57,7.00,'Medium','Moderately',5.00,'Slikscythez','Z4Z5BjdOcHe6PDRbPqnwCyUvOQ52','2022-02-09 00:02:32',NULL,'2022-02-11 08:00:06',4150),('please',0,123,'12:31.231','saefsgfwsef',176.80,4.40,'Long','Not At All',3.00,'wefwef','NSPHkjQiAaOqrjD6hZ5e9L1oYf43','2022-02-10 04:49:09','https://www.youtube.com/watch?v=unEjnnAx8mM','2022-02-11 08:00:06',4151),('RJ Burgerr1',1,0,'02:08.362','The 7 Titans',1002.33,5.20,'Medium','Not Very',5.00,'Slikscythez','iSD7u2cJe2QywG8FK9Yjci3rEKo1','2022-02-09 06:36:09',NULL,'2022-02-11 08:00:06',4152),('Danimalls',7,98,'24:29.602','Vicious',640.93,8.00,'Medium','Very',5.00,'Slikscythez','Z4Z5BjdOcHe6PDRbPqnwCyUvOQ52','2022-02-09 00:10:15',NULL,'2022-02-11 08:00:06',4153),('Danimalls',9,223,'28:13.595','Vicit',746.68,7.60,'Long','Moderately',4.00,'Danimalls','Z4Z5BjdOcHe6PDRbPqnwCyUvOQ52','2022-02-09 00:05:22',NULL,'2022-02-11 08:00:06',4154),('please',0,123,'12:31.231','vqwdv',281.43,4.30,'Medium','Not Very',3.00,'wvqwdq','NSPHkjQiAaOqrjD6hZ5e9L1oYf43','2022-02-09 10:22:31',NULL,'2022-02-11 08:00:06',4155),('SunRiiZe',10,112,'18:34.866','Within',971.58,7.00,'Medium','Extremely',5.00,'ZZZZZZach','4CMFkHPTFIRAgb9bEBLThN9gcTf2','2022-02-08 22:50:43',NULL,'2022-02-11 08:00:06',4156),('Danimalls',9,63,'20:36.739','Within',1031.12,7.00,'Medium','Very',5.00,'ZZZZZZach','Z4Z5BjdOcHe6PDRbPqnwCyUvOQ52','2022-02-08 23:55:39',NULL,'2022-02-11 08:00:06',4157),('please',0,123,'12:31.231','afadfadf',507.36,5.00,'Medium','Moderately',3.00,'wefwefwef','NSPHkjQiAaOqrjD6hZ5e9L1oYf43','2022-02-10 04:36:49',NULL,'2022-02-12 08:00:10',4158),('Danimalls',5,67,'16:35.075','Annihilation',839.07,7.30,'Long','Very',5.00,'Qkoosy','Z4Z5BjdOcHe6PDRbPqnwCyUvOQ52','2022-02-09 00:03:55',NULL,'2022-02-12 08:00:10',4159),('RJ Burgerr1',1,0,'03:11.813','Apostle',1086.00,6.10,'Medium','Moderately',5.00,'Qkoosy','iSD7u2cJe2QywG8FK9Yjci3rEKo1','2022-02-09 06:40:56',NULL,'2022-02-12 08:00:10',4160),('please',0,123,'12:31.231','asdas',281.43,4.30,'Medium','Not Very',3.00,'asdd','NSPHkjQiAaOqrjD6hZ5e9L1oYf43','2022-02-09 23:01:27',NULL,'2022-02-12 08:00:10',4161),('please',0,123,'12:31.231','asdas',136.99,3.00,'Medium','Not Very',3.00,'dasdasd','NSPHkjQiAaOqrjD6hZ5e9L1oYf43','2022-02-09 22:53:58',NULL,'2022-02-12 08:00:10',4162),('Danimalls',5,87,'26:26.308','Dark Sabotage',521.37,7.30,'Medium','Very',5.00,'Qkoosy','Z4Z5BjdOcHe6PDRbPqnwCyUvOQ52','2022-02-09 00:09:20',NULL,'2022-02-12 08:00:10',4163),('please',0,70,'26:33.714','Erebus',930.03,8.30,'Long','Moderately',4.00,'matthew_wayne','NSPHkjQiAaOqrjD6hZ5e9L1oYf43','2022-02-10 06:53:09','https://www.youtube.com/watch?v=0PRjKjIuS5c','2022-02-12 08:00:10',4164),('Danimalls',2,35,'17:00.731','Flabbergasted',1467.37,8.00,'Long','Moderately',4.00,'Cavemandave247','Z4Z5BjdOcHe6PDRbPqnwCyUvOQ52','2022-02-09 00:11:52',NULL,'2022-02-12 08:00:10',4165),('Danimalls',2,19,'07:14.380','Fuji',860.93,7.00,'Medium','Very',5.00,'Skilbo_Baggins','Z4Z5BjdOcHe6PDRbPqnwCyUvOQ52','2022-02-09 00:06:12',NULL,'2022-02-12 08:00:10',4166),('Danimalls',7,53,'28:23.896','Infinity',607.55,8.00,'Long','Extremely',5.00,'Cavemandave247','Z4Z5BjdOcHe6PDRbPqnwCyUvOQ52','2022-02-09 00:11:00',NULL,'2022-02-12 08:00:10',4167),('Danimalls',4,18,'07:44.145','Luscious',883.49,7.10,'Medium','Very',5.00,'Classyfication','Z4Z5BjdOcHe6PDRbPqnwCyUvOQ52','2022-02-09 00:01:23',NULL,'2022-02-12 08:00:10',4168),('RJ Burgerr1',1,0,'02:49.087','Madoka',1056.73,6.00,'Medium','Moderately',5.00,'Qkoosy','iSD7u2cJe2QywG8FK9Yjci3rEKo1','2022-02-09 08:32:20',NULL,'2022-02-12 08:00:10',4169),('Danimalls',3,26,'08:52.783','Malicious',856.16,7.20,'Medium','Very',5.00,'Qkoosy','Z4Z5BjdOcHe6PDRbPqnwCyUvOQ52','2022-02-09 00:07:59',NULL,'2022-02-12 08:00:10',4170),('testuser2',0,123,'12:31.231','omjowefmo',156.28,3.70,'Medium','Not At All',3.00,'omwoefmo','G44Vx0eJn8c12fC4im8I994iZWT2','2022-02-09 10:20:54',NULL,'2022-02-12 08:00:10',4171),('testuser2',0,123,'12:31.231','qwdqwd',175.95,3.40,'Medium','Not Very',4.00,'qwdqwd','G44Vx0eJn8c12fC4im8I994iZWT2','2022-02-09 10:19:15',NULL,'2022-02-12 08:00:10',4172),('testuser2',0,123,'12:31.231','qwdqwdewv',175.95,3.40,'Medium','Not Very',4.00,'qwdqwdvwe','G44Vx0eJn8c12fC4im8I994iZWT2','2022-02-09 10:20:02',NULL,'2022-02-12 08:00:10',4173),('Danimalls',13,64,'16:48.517','Sabotage',825.57,7.00,'Medium','Moderately',5.00,'Slikscythez','Z4Z5BjdOcHe6PDRbPqnwCyUvOQ52','2022-02-09 00:02:32',NULL,'2022-02-12 08:00:10',4174),('please',0,123,'12:31.231','saefsgfwsef',176.80,4.40,'Long','Not At All',3.00,'wefwef','NSPHkjQiAaOqrjD6hZ5e9L1oYf43','2022-02-10 04:49:09','https://www.youtube.com/watch?v=unEjnnAx8mM','2022-02-12 08:00:10',4175),('RJ Burgerr1',1,0,'02:08.362','The 7 Titans',1002.33,5.20,'Medium','Not Very',5.00,'Slikscythez','iSD7u2cJe2QywG8FK9Yjci3rEKo1','2022-02-09 06:36:09',NULL,'2022-02-12 08:00:10',4176),('Danimalls',7,98,'24:29.602','Vicious',640.93,8.00,'Medium','Very',5.00,'Slikscythez','Z4Z5BjdOcHe6PDRbPqnwCyUvOQ52','2022-02-09 00:10:15',NULL,'2022-02-12 08:00:10',4177),('Danimalls',9,223,'28:13.595','Vicit',746.68,7.60,'Long','Moderately',4.00,'Danimalls','Z4Z5BjdOcHe6PDRbPqnwCyUvOQ52','2022-02-09 00:05:22',NULL,'2022-02-12 08:00:10',4178),('please',0,123,'12:31.231','vqwdv',281.43,4.30,'Medium','Not Very',3.00,'wvqwdq','NSPHkjQiAaOqrjD6hZ5e9L1oYf43','2022-02-09 10:22:31',NULL,'2022-02-12 08:00:10',4179),('SunRiiZe',10,112,'18:34.866','Within',971.58,7.00,'Medium','Extremely',5.00,'ZZZZZZach','4CMFkHPTFIRAgb9bEBLThN9gcTf2','2022-02-08 22:50:43',NULL,'2022-02-12 08:00:10',4180),('Danimalls',9,63,'20:36.739','Within',1031.12,7.00,'Medium','Very',5.00,'ZZZZZZach','Z4Z5BjdOcHe6PDRbPqnwCyUvOQ52','2022-02-08 23:55:39',NULL,'2022-02-12 08:00:10',4181),('please',0,123,'12:31.231','afadfadf',507.36,5.00,'Medium','Moderately',3.00,'wefwefwef','NSPHkjQiAaOqrjD6hZ5e9L1oYf43','2022-02-10 04:36:49',NULL,'2022-02-14 08:00:00',4182),('Danimalls',5,67,'16:35.075','Annihilation',839.07,7.30,'Long','Very',5.00,'Qkoosy','Z4Z5BjdOcHe6PDRbPqnwCyUvOQ52','2022-02-09 00:03:55',NULL,'2022-02-14 08:00:00',4183),('RJ Burgerr1',1,0,'03:11.813','Apostle',1086.00,6.10,'Medium','Moderately',5.00,'Qkoosy','iSD7u2cJe2QywG8FK9Yjci3rEKo1','2022-02-09 06:40:56',NULL,'2022-02-14 08:00:00',4184),('please',0,123,'12:31.231','asdas',281.43,4.30,'Medium','Not Very',3.00,'asdd','NSPHkjQiAaOqrjD6hZ5e9L1oYf43','2022-02-09 23:01:27',NULL,'2022-02-14 08:00:00',4185),('please',0,123,'12:31.231','asdas',136.99,3.00,'Medium','Not Very',3.00,'dasdasd','NSPHkjQiAaOqrjD6hZ5e9L1oYf43','2022-02-09 22:53:58',NULL,'2022-02-14 08:00:00',4186),('Danimalls',5,87,'26:26.308','Dark Sabotage',521.37,7.30,'Medium','Very',5.00,'Qkoosy','Z4Z5BjdOcHe6PDRbPqnwCyUvOQ52','2022-02-09 00:09:20',NULL,'2022-02-14 08:00:00',4187),('please',0,70,'26:33.714','Erebus',930.03,8.30,'Long','Moderately',4.00,'matthew_wayne','NSPHkjQiAaOqrjD6hZ5e9L1oYf43','2022-02-10 06:53:09','https://www.youtube.com/watch?v=0PRjKjIuS5c','2022-02-14 08:00:00',4188),('Danimalls',2,35,'17:00.731','Flabbergasted',1467.37,8.00,'Long','Moderately',4.00,'Cavemandave247','Z4Z5BjdOcHe6PDRbPqnwCyUvOQ52','2022-02-09 00:11:52',NULL,'2022-02-14 08:00:00',4189),('Danimalls',2,19,'07:14.380','Fuji',860.93,7.00,'Medium','Very',5.00,'Skilbo_Baggins','Z4Z5BjdOcHe6PDRbPqnwCyUvOQ52','2022-02-09 00:06:12',NULL,'2022-02-14 08:00:00',4190),('Danimalls',7,53,'28:23.896','Infinity',607.55,8.00,'Long','Extremely',5.00,'Cavemandave247','Z4Z5BjdOcHe6PDRbPqnwCyUvOQ52','2022-02-09 00:11:00',NULL,'2022-02-14 08:00:00',4191),('Danimalls',4,18,'07:44.145','Luscious',883.49,7.10,'Medium','Very',5.00,'Classyfication','Z4Z5BjdOcHe6PDRbPqnwCyUvOQ52','2022-02-09 00:01:23',NULL,'2022-02-14 08:00:00',4192),('RJ Burgerr1',1,0,'02:49.087','Madoka',1056.73,6.00,'Medium','Moderately',5.00,'Qkoosy','iSD7u2cJe2QywG8FK9Yjci3rEKo1','2022-02-09 08:32:20',NULL,'2022-02-14 08:00:00',4193),('Danimalls',3,26,'08:52.783','Malicious',856.16,7.20,'Medium','Very',5.00,'Qkoosy','Z4Z5BjdOcHe6PDRbPqnwCyUvOQ52','2022-02-09 00:07:59',NULL,'2022-02-14 08:00:00',4194),('testuser2',0,123,'12:31.231','omjowefmo',156.28,3.70,'Medium','Not At All',3.00,'omwoefmo','G44Vx0eJn8c12fC4im8I994iZWT2','2022-02-09 10:20:54',NULL,'2022-02-14 08:00:00',4195),('testuser2',0,123,'12:31.231','qwdqwd',175.95,3.40,'Medium','Not Very',4.00,'qwdqwd','G44Vx0eJn8c12fC4im8I994iZWT2','2022-02-09 10:19:15',NULL,'2022-02-14 08:00:00',4196),('testuser2',0,123,'12:31.231','qwdqwdewv',175.95,3.40,'Medium','Not Very',4.00,'qwdqwdvwe','G44Vx0eJn8c12fC4im8I994iZWT2','2022-02-09 10:20:02',NULL,'2022-02-14 08:00:00',4197),('Danimalls',13,64,'16:48.517','Sabotage',825.57,7.00,'Medium','Moderately',5.00,'Slikscythez','Z4Z5BjdOcHe6PDRbPqnwCyUvOQ52','2022-02-09 00:02:32',NULL,'2022-02-14 08:00:00',4198),('please',0,123,'12:31.231','saefsgfwsef',176.80,4.40,'Long','Not At All',3.00,'wefwef','NSPHkjQiAaOqrjD6hZ5e9L1oYf43','2022-02-10 04:49:09','https://www.youtube.com/watch?v=unEjnnAx8mM','2022-02-14 08:00:00',4199),('RJ Burgerr1',1,0,'02:08.362','The 7 Titans',1002.33,5.20,'Medium','Not Very',5.00,'Slikscythez','iSD7u2cJe2QywG8FK9Yjci3rEKo1','2022-02-09 06:36:09',NULL,'2022-02-14 08:00:00',4200),('Danimalls',7,98,'24:29.602','Vicious',640.93,8.00,'Medium','Very',5.00,'Slikscythez','Z4Z5BjdOcHe6PDRbPqnwCyUvOQ52','2022-02-09 00:10:15',NULL,'2022-02-14 08:00:00',4201),('Danimalls',9,223,'28:13.595','Vicit',746.68,7.60,'Long','Moderately',4.00,'Danimalls','Z4Z5BjdOcHe6PDRbPqnwCyUvOQ52','2022-02-09 00:05:22',NULL,'2022-02-14 08:00:00',4202),('please',0,123,'12:31.231','vqwdv',281.43,4.30,'Medium','Not Very',3.00,'wvqwdq','NSPHkjQiAaOqrjD6hZ5e9L1oYf43','2022-02-09 10:22:31',NULL,'2022-02-14 08:00:00',4203),('SunRiiZe',10,112,'18:34.866','Within',971.58,7.00,'Medium','Extremely',5.00,'ZZZZZZach','4CMFkHPTFIRAgb9bEBLThN9gcTf2','2022-02-08 22:50:43',NULL,'2022-02-14 08:00:00',4204),('Danimalls',9,63,'20:36.739','Within',1031.12,7.00,'Medium','Very',5.00,'ZZZZZZach','Z4Z5BjdOcHe6PDRbPqnwCyUvOQ52','2022-02-08 23:55:39',NULL,'2022-02-14 08:00:00',4205),('please',0,123,'12:31.231','afadfadf',507.36,5.00,'Medium','Moderately',3.00,'wefwefwef','NSPHkjQiAaOqrjD6hZ5e9L1oYf43','2022-02-10 04:36:49',NULL,'2022-02-17 08:00:00',4206),('Danimalls',5,67,'16:35.075','Annihilation',839.07,7.30,'Long','Very',5.00,'Qkoosy','Z4Z5BjdOcHe6PDRbPqnwCyUvOQ52','2022-02-09 00:03:55',NULL,'2022-02-17 08:00:00',4207),('RJ Burgerr1',1,0,'03:11.813','Apostle',1086.00,6.10,'Medium','Moderately',5.00,'Qkoosy','iSD7u2cJe2QywG8FK9Yjci3rEKo1','2022-02-09 06:40:56',NULL,'2022-02-17 08:00:00',4208),('please',0,123,'12:31.231','asdas',281.43,4.30,'Medium','Not Very',3.00,'asdd','NSPHkjQiAaOqrjD6hZ5e9L1oYf43','2022-02-09 23:01:27',NULL,'2022-02-17 08:00:00',4209),('please',0,123,'12:31.231','asdas',136.99,3.00,'Medium','Not Very',3.00,'dasdasd','NSPHkjQiAaOqrjD6hZ5e9L1oYf43','2022-02-09 22:53:58',NULL,'2022-02-17 08:00:00',4210),('Danimalls',5,87,'26:26.308','Dark Sabotage',521.37,7.30,'Medium','Very',5.00,'Qkoosy','Z4Z5BjdOcHe6PDRbPqnwCyUvOQ52','2022-02-09 00:09:20',NULL,'2022-02-17 08:00:00',4211),('please',0,70,'26:33.714','Erebus',930.03,8.30,'Long','Moderately',4.00,'matthew_wayne','NSPHkjQiAaOqrjD6hZ5e9L1oYf43','2022-02-10 06:53:09','https://www.youtube.com/watch?v=0PRjKjIuS5c','2022-02-17 08:00:00',4212),('Danimalls',2,35,'17:00.731','Flabbergasted',1467.37,8.00,'Long','Moderately',4.00,'Cavemandave247','Z4Z5BjdOcHe6PDRbPqnwCyUvOQ52','2022-02-09 00:11:52',NULL,'2022-02-17 08:00:00',4213),('Danimalls',2,19,'07:14.380','Fuji',860.93,7.00,'Medium','Very',5.00,'Skilbo_Baggins','Z4Z5BjdOcHe6PDRbPqnwCyUvOQ52','2022-02-09 00:06:12',NULL,'2022-02-17 08:00:00',4214),('Danimalls',7,53,'28:23.896','Infinity',607.55,8.00,'Long','Extremely',5.00,'Cavemandave247','Z4Z5BjdOcHe6PDRbPqnwCyUvOQ52','2022-02-09 00:11:00',NULL,'2022-02-17 08:00:00',4215),('Danimalls',4,18,'07:44.145','Luscious',883.49,7.10,'Medium','Very',5.00,'Classyfication','Z4Z5BjdOcHe6PDRbPqnwCyUvOQ52','2022-02-09 00:01:23',NULL,'2022-02-17 08:00:00',4216),('RJ Burgerr1',1,0,'02:49.087','Madoka',1056.73,6.00,'Medium','Moderately',5.00,'Qkoosy','iSD7u2cJe2QywG8FK9Yjci3rEKo1','2022-02-09 08:32:20',NULL,'2022-02-17 08:00:00',4217),('Danimalls',3,26,'08:52.783','Malicious',856.16,7.20,'Medium','Very',5.00,'Qkoosy','Z4Z5BjdOcHe6PDRbPqnwCyUvOQ52','2022-02-09 00:07:59',NULL,'2022-02-17 08:00:00',4218),('testuser2',0,123,'12:31.231','omjowefmo',156.28,3.70,'Medium','Not At All',3.00,'omwoefmo','G44Vx0eJn8c12fC4im8I994iZWT2','2022-02-09 10:20:54',NULL,'2022-02-17 08:00:00',4219),('testuser2',0,123,'12:31.231','qwdqwd',175.95,3.40,'Medium','Not Very',4.00,'qwdqwd','G44Vx0eJn8c12fC4im8I994iZWT2','2022-02-09 10:19:15',NULL,'2022-02-17 08:00:00',4220),('testuser2',0,123,'12:31.231','qwdqwdewv',175.95,3.40,'Medium','Not Very',4.00,'qwdqwdvwe','G44Vx0eJn8c12fC4im8I994iZWT2','2022-02-09 10:20:02',NULL,'2022-02-17 08:00:00',4221),('Danimalls',13,64,'16:48.517','Sabotage',825.57,7.00,'Medium','Moderately',5.00,'Slikscythez','Z4Z5BjdOcHe6PDRbPqnwCyUvOQ52','2022-02-09 00:02:32',NULL,'2022-02-17 08:00:00',4222),('please',0,123,'12:31.231','saefsgfwsef',176.80,4.40,'Long','Not At All',3.00,'wefwef','NSPHkjQiAaOqrjD6hZ5e9L1oYf43','2022-02-10 04:49:09','https://www.youtube.com/watch?v=unEjnnAx8mM','2022-02-17 08:00:00',4223),('RJ Burgerr1',1,0,'02:08.362','The 7 Titans',1002.33,5.20,'Medium','Not Very',5.00,'Slikscythez','iSD7u2cJe2QywG8FK9Yjci3rEKo1','2022-02-09 06:36:09',NULL,'2022-02-17 08:00:00',4224),('Danimalls',7,98,'24:29.602','Vicious',640.93,8.00,'Medium','Very',5.00,'Slikscythez','Z4Z5BjdOcHe6PDRbPqnwCyUvOQ52','2022-02-09 00:10:15',NULL,'2022-02-17 08:00:00',4225),('Danimalls',9,223,'28:13.595','Vicit',746.68,7.60,'Long','Moderately',4.00,'Danimalls','Z4Z5BjdOcHe6PDRbPqnwCyUvOQ52','2022-02-09 00:05:22',NULL,'2022-02-17 08:00:00',4226),('please',0,123,'12:31.231','vqwdv',281.43,4.30,'Medium','Not Very',3.00,'wvqwdq','NSPHkjQiAaOqrjD6hZ5e9L1oYf43','2022-02-09 10:22:31',NULL,'2022-02-17 08:00:00',4227),('SunRiiZe',10,112,'18:34.866','Within',971.58,7.00,'Medium','Extremely',5.00,'ZZZZZZach','4CMFkHPTFIRAgb9bEBLThN9gcTf2','2022-02-08 22:50:43',NULL,'2022-02-17 08:00:00',4228),('Danimalls',9,63,'20:36.739','Within',1031.12,7.00,'Medium','Very',5.00,'ZZZZZZach','Z4Z5BjdOcHe6PDRbPqnwCyUvOQ52','2022-02-08 23:55:39',NULL,'2022-02-17 08:00:00',4229),('please',0,123,'12:31.231','afadfadf',507.36,5.00,'Medium','Moderately',3.00,'wefwefwef','NSPHkjQiAaOqrjD6hZ5e9L1oYf43','2022-02-10 04:36:49',NULL,'2022-02-22 08:00:00',4230),('Danimalls',5,67,'16:35.075','Annihilation',839.07,7.30,'Long','Very',5.00,'Qkoosy','Z4Z5BjdOcHe6PDRbPqnwCyUvOQ52','2022-02-09 00:03:55',NULL,'2022-02-22 08:00:00',4231),('RJ Burgerr1',1,0,'03:11.813','Apostle',1086.00,6.10,'Medium','Moderately',5.00,'Qkoosy','iSD7u2cJe2QywG8FK9Yjci3rEKo1','2022-02-09 06:40:56',NULL,'2022-02-22 08:00:00',4232),('please',0,123,'12:31.231','asdas',281.43,4.30,'Medium','Not Very',3.00,'asdd','NSPHkjQiAaOqrjD6hZ5e9L1oYf43','2022-02-09 23:01:27',NULL,'2022-02-22 08:00:00',4233),('please',0,123,'12:31.231','asdas',136.99,3.00,'Medium','Not Very',3.00,'dasdasd','NSPHkjQiAaOqrjD6hZ5e9L1oYf43','2022-02-09 22:53:58',NULL,'2022-02-22 08:00:00',4234),('Danimalls',5,87,'26:26.308','Dark Sabotage',521.37,7.30,'Medium','Very',5.00,'Qkoosy','Z4Z5BjdOcHe6PDRbPqnwCyUvOQ52','2022-02-09 00:09:20',NULL,'2022-02-22 08:00:00',4235),('please',0,70,'26:33.714','Erebus',930.03,8.30,'Long','Moderately',4.00,'matthew_wayne','NSPHkjQiAaOqrjD6hZ5e9L1oYf43','2022-02-10 06:53:09','https://www.youtube.com/watch?v=0PRjKjIuS5c','2022-02-22 08:00:00',4236),('Danimalls',2,35,'17:00.731','Flabbergasted',1467.37,8.00,'Long','Moderately',4.00,'Cavemandave247','Z4Z5BjdOcHe6PDRbPqnwCyUvOQ52','2022-02-09 00:11:52',NULL,'2022-02-22 08:00:00',4237),('Danimalls',2,19,'07:14.380','Fuji',860.93,7.00,'Medium','Very',5.00,'Skilbo_Baggins','Z4Z5BjdOcHe6PDRbPqnwCyUvOQ52','2022-02-09 00:06:12',NULL,'2022-02-22 08:00:00',4238),('Danimalls',7,53,'28:23.896','Infinity',607.55,8.00,'Long','Extremely',5.00,'Cavemandave247','Z4Z5BjdOcHe6PDRbPqnwCyUvOQ52','2022-02-09 00:11:00',NULL,'2022-02-22 08:00:00',4239),('please',0,141,'12:51.515','looloo',380.15,4.40,'Medium','Moderately',3.00,'llollo','NSPHkjQiAaOqrjD6hZ5e9L1oYf43','2022-02-18 19:27:43','','2022-02-22 08:00:00',4240),('Danimalls',4,18,'07:44.145','Luscious',883.49,7.10,'Medium','Very',5.00,'Classyfication','Z4Z5BjdOcHe6PDRbPqnwCyUvOQ52','2022-02-09 00:01:23',NULL,'2022-02-22 08:00:00',4241),('RJ Burgerr1',1,0,'02:49.087','Madoka',1056.73,6.00,'Medium','Moderately',5.00,'Qkoosy','iSD7u2cJe2QywG8FK9Yjci3rEKo1','2022-02-09 08:32:20',NULL,'2022-02-22 08:00:00',4242),('Danimalls',3,26,'08:52.783','Malicious',856.16,7.20,'Medium','Very',5.00,'Qkoosy','Z4Z5BjdOcHe6PDRbPqnwCyUvOQ52','2022-02-09 00:07:59',NULL,'2022-02-22 08:00:00',4243),('please',0,123,'12:31.231','maoaomooo',357.99,5.60,'Medium','Not At All',3.00,'kaooakooo','NSPHkjQiAaOqrjD6hZ5e9L1oYf43','2022-02-18 19:25:51','','2022-02-22 08:00:00',4244),('please',0,123,'12:31.231','maoomooo',357.99,5.60,'Medium','Not At All',3.00,'kaookooo','NSPHkjQiAaOqrjD6hZ5e9L1oYf43','2022-02-18 19:25:28','','2022-02-22 08:00:00',4245),('please',0,123,'12:31.231','moomoo',357.99,5.60,'Medium','Not At All',3.00,'kookoo','NSPHkjQiAaOqrjD6hZ5e9L1oYf43','2022-02-18 19:24:01','','2022-02-22 08:00:00',4246),('please',0,123,'12:31.231','moomooo',357.99,5.60,'Medium','Not At All',3.00,'kookooo','NSPHkjQiAaOqrjD6hZ5e9L1oYf43','2022-02-18 19:24:35','','2022-02-22 08:00:00',4247),('testuser2',0,123,'12:31.231','omjowefmo',156.28,3.70,'Medium','Not At All',3.00,'omwoefmo','G44Vx0eJn8c12fC4im8I994iZWT2','2022-02-09 10:20:54',NULL,'2022-02-22 08:00:00',4248),('please',0,123,'12:31.231','plaspl',95.13,2.50,'Medium','Not Very',4.00,'apsldp','NSPHkjQiAaOqrjD6hZ5e9L1oYf43','2022-02-18 18:57:40','','2022-02-22 08:00:00',4249),('please',0,123,'12:31.231','qfqwf',357.99,5.60,'Medium','Not At All',3.00,'qwfqwf','NSPHkjQiAaOqrjD6hZ5e9L1oYf43','2022-02-18 19:10:17','','2022-02-22 08:00:00',4250),('please',0,123,'12:31.231','qfqwfd',357.99,5.60,'Medium','Not At All',3.00,'qwfqwfd','NSPHkjQiAaOqrjD6hZ5e9L1oYf43','2022-02-18 19:17:29','','2022-02-22 08:00:00',4251),('please',0,123,'21:31.231','qwdfqwdpl',165.83,3.60,'Medium','Not Very',4.00,'qwedfplp123','NSPHkjQiAaOqrjD6hZ5e9L1oYf43','2022-02-18 19:07:38','','2022-02-22 08:00:00',4252),('please',0,123,'21:31.231','qwdfqwdpld',165.83,3.60,'Medium','Not Very',4.00,'qwedfplp123d','NSPHkjQiAaOqrjD6hZ5e9L1oYf43','2022-02-18 19:08:07','','2022-02-22 08:00:00',4253),('testuser2',0,123,'12:31.231','qwdqwd',175.95,3.40,'Medium','Not Very',4.00,'qwdqwd','G44Vx0eJn8c12fC4im8I994iZWT2','2022-02-09 10:19:15',NULL,'2022-02-22 08:00:00',4254),('testuser2',0,123,'12:31.231','qwdqwdewv',175.95,3.40,'Medium','Not Very',4.00,'qwdqwdvwe','G44Vx0eJn8c12fC4im8I994iZWT2','2022-02-09 10:20:02',NULL,'2022-02-22 08:00:00',4255),('Danimalls',13,64,'16:48.517','Sabotage',825.57,7.00,'Medium','Moderately',5.00,'Slikscythez','Z4Z5BjdOcHe6PDRbPqnwCyUvOQ52','2022-02-09 00:02:32',NULL,'2022-02-22 08:00:00',4256),('please',0,123,'12:31.231','saefsgfwsef',176.80,4.40,'Long','Not At All',3.00,'wefwef','NSPHkjQiAaOqrjD6hZ5e9L1oYf43','2022-02-10 04:49:09','https://www.youtube.com/watch?v=unEjnnAx8mM','2022-02-22 08:00:00',4257),('RJ Burgerr1',1,0,'02:08.362','The 7 Titans',1002.33,5.20,'Medium','Not Very',5.00,'Slikscythez','iSD7u2cJe2QywG8FK9Yjci3rEKo1','2022-02-09 06:36:09',NULL,'2022-02-22 08:00:00',4258),('Danimalls',7,98,'24:29.602','Vicious',640.93,8.00,'Medium','Very',5.00,'Slikscythez','Z4Z5BjdOcHe6PDRbPqnwCyUvOQ52','2022-02-09 00:10:15',NULL,'2022-02-22 08:00:00',4259),('Danimalls',9,223,'28:13.595','Vicit',746.68,7.60,'Long','Moderately',4.00,'Danimalls','Z4Z5BjdOcHe6PDRbPqnwCyUvOQ52','2022-02-09 00:05:22',NULL,'2022-02-22 08:00:00',4260),('please',0,123,'12:31.231','vqwdv',176.90,4.30,'Short','Not Very',3.00,'wvqwdq','NSPHkjQiAaOqrjD6hZ5e9L1oYf43','2022-02-09 10:22:31',NULL,'2022-02-22 08:00:00',4261),('SunRiiZe',10,112,'18:34.866','Within',971.58,7.00,'Medium','Extremely',5.00,'ZZZZZZach','4CMFkHPTFIRAgb9bEBLThN9gcTf2','2022-02-08 22:50:43',NULL,'2022-02-22 08:00:00',4262),('Danimalls',9,63,'20:36.739','Within',1031.12,7.00,'Medium','Very',5.00,'ZZZZZZach','Z4Z5BjdOcHe6PDRbPqnwCyUvOQ52','2022-02-08 23:55:39',NULL,'2022-02-22 08:00:00',4263),('please',0,123,'12:31.231','afadfadf',507.36,5.00,'Medium','Moderately',3.00,'wefwefwef','NSPHkjQiAaOqrjD6hZ5e9L1oYf43','2022-02-10 04:36:49',NULL,'2022-02-23 08:00:00',4264),('Danimalls',5,67,'16:35.075','Annihilation',839.07,7.30,'Long','Very',5.00,'Qkoosy','Z4Z5BjdOcHe6PDRbPqnwCyUvOQ52','2022-02-09 00:03:55',NULL,'2022-02-23 08:00:00',4265),('RJ Burgerr1',1,0,'03:11.813','Apostle',1086.00,6.10,'Medium','Moderately',5.00,'Qkoosy','iSD7u2cJe2QywG8FK9Yjci3rEKo1','2022-02-09 06:40:56',NULL,'2022-02-23 08:00:00',4266),('please',0,123,'12:31.231','asdas',281.43,4.30,'Medium','Not Very',3.00,'asdd','NSPHkjQiAaOqrjD6hZ5e9L1oYf43','2022-02-09 23:01:27',NULL,'2022-02-23 08:00:00',4267),('please',0,123,'12:31.231','asdas',136.99,3.00,'Medium','Not Very',3.00,'dasdasd','NSPHkjQiAaOqrjD6hZ5e9L1oYf43','2022-02-09 22:53:58',NULL,'2022-02-23 08:00:00',4268),('Danimalls',5,87,'26:26.308','Dark Sabotage',521.37,7.30,'Medium','Very',5.00,'Qkoosy','Z4Z5BjdOcHe6PDRbPqnwCyUvOQ52','2022-02-09 00:09:20',NULL,'2022-02-23 08:00:00',4269),('please',0,70,'26:33.714','Erebus',930.03,8.30,'Long','Moderately',4.00,'matthew_wayne','NSPHkjQiAaOqrjD6hZ5e9L1oYf43','2022-02-10 06:53:09','https://www.youtube.com/watch?v=0PRjKjIuS5c','2022-02-23 08:00:00',4270),('Danimalls',2,35,'17:00.731','Flabbergasted',1467.37,8.00,'Long','Moderately',4.00,'Cavemandave247','Z4Z5BjdOcHe6PDRbPqnwCyUvOQ52','2022-02-09 00:11:52',NULL,'2022-02-23 08:00:00',4271),('Danimalls',2,19,'07:14.380','Fuji',860.93,7.00,'Medium','Very',5.00,'Skilbo_Baggins','Z4Z5BjdOcHe6PDRbPqnwCyUvOQ52','2022-02-09 00:06:12',NULL,'2022-02-23 08:00:00',4272),('Danimalls',7,53,'28:23.896','Infinity',607.55,8.00,'Long','Extremely',5.00,'Cavemandave247','Z4Z5BjdOcHe6PDRbPqnwCyUvOQ52','2022-02-09 00:11:00',NULL,'2022-02-23 08:00:00',4273),('please',0,141,'12:51.515','looloo',380.15,4.40,'Medium','Moderately',3.00,'llollo','NSPHkjQiAaOqrjD6hZ5e9L1oYf43','2022-02-18 19:27:43','','2022-02-23 08:00:00',4274),('Danimalls',4,18,'07:44.145','Luscious',883.49,7.10,'Medium','Very',5.00,'Classyfication','Z4Z5BjdOcHe6PDRbPqnwCyUvOQ52','2022-02-09 00:01:23',NULL,'2022-02-23 08:00:00',4275),('RJ Burgerr1',1,0,'02:49.087','Madoka',1056.73,6.00,'Medium','Moderately',5.00,'Qkoosy','iSD7u2cJe2QywG8FK9Yjci3rEKo1','2022-02-09 08:32:20',NULL,'2022-02-23 08:00:00',4276),('Danimalls',3,26,'08:52.783','Malicious',856.16,7.20,'Medium','Very',5.00,'Qkoosy','Z4Z5BjdOcHe6PDRbPqnwCyUvOQ52','2022-02-09 00:07:59',NULL,'2022-02-23 08:00:00',4277),('please',0,123,'12:31.231','maoaomooo',357.99,5.60,'Medium','Not At All',3.00,'kaooakooo','NSPHkjQiAaOqrjD6hZ5e9L1oYf43','2022-02-18 19:25:51','','2022-02-23 08:00:00',4278),('please',0,123,'12:31.231','maoomooo',357.99,5.60,'Medium','Not At All',3.00,'kaookooo','NSPHkjQiAaOqrjD6hZ5e9L1oYf43','2022-02-18 19:25:28','','2022-02-23 08:00:00',4279),('please',0,123,'12:31.231','moomoo',357.99,5.60,'Medium','Not At All',3.00,'kookoo','NSPHkjQiAaOqrjD6hZ5e9L1oYf43','2022-02-18 19:24:01','','2022-02-23 08:00:00',4280),('please',0,123,'12:31.231','moomooo',357.99,5.60,'Medium','Not At All',3.00,'kookooo','NSPHkjQiAaOqrjD6hZ5e9L1oYf43','2022-02-18 19:24:35','','2022-02-23 08:00:00',4281),('testuser2',0,123,'12:31.231','omjowefmo',156.28,3.70,'Medium','Not At All',3.00,'omwoefmo','G44Vx0eJn8c12fC4im8I994iZWT2','2022-02-09 10:20:54',NULL,'2022-02-23 08:00:00',4282),('please',0,123,'12:31.231','plaspl',95.13,2.50,'Medium','Not Very',4.00,'apsldp','NSPHkjQiAaOqrjD6hZ5e9L1oYf43','2022-02-18 18:57:40','','2022-02-23 08:00:00',4283),('please',0,123,'12:31.231','qfqwf',357.99,5.60,'Medium','Not At All',3.00,'qwfqwf','NSPHkjQiAaOqrjD6hZ5e9L1oYf43','2022-02-18 19:10:17','','2022-02-23 08:00:00',4284),('please',0,123,'12:31.231','qfqwfd',357.99,5.60,'Medium','Not At All',3.00,'qwfqwfd','NSPHkjQiAaOqrjD6hZ5e9L1oYf43','2022-02-18 19:17:29','','2022-02-23 08:00:00',4285),('please',0,123,'21:31.231','qwdfqwdpl',165.83,3.60,'Medium','Not Very',4.00,'qwedfplp123','NSPHkjQiAaOqrjD6hZ5e9L1oYf43','2022-02-18 19:07:38','','2022-02-23 08:00:00',4286),('please',0,123,'21:31.231','qwdfqwdpld',165.83,3.60,'Medium','Not Very',4.00,'qwedfplp123d','NSPHkjQiAaOqrjD6hZ5e9L1oYf43','2022-02-18 19:08:07','','2022-02-23 08:00:00',4287),('testuser2',0,123,'12:31.231','qwdqwd',175.95,3.40,'Medium','Not Very',4.00,'qwdqwd','G44Vx0eJn8c12fC4im8I994iZWT2','2022-02-09 10:19:15',NULL,'2022-02-23 08:00:00',4288),('testuser2',0,123,'12:31.231','qwdqwdewv',175.95,3.40,'Medium','Not Very',4.00,'qwdqwdvwe','G44Vx0eJn8c12fC4im8I994iZWT2','2022-02-09 10:20:02',NULL,'2022-02-23 08:00:00',4289),('Danimalls',13,64,'16:48.517','Sabotage',825.57,7.00,'Medium','Moderately',5.00,'Slikscythez','Z4Z5BjdOcHe6PDRbPqnwCyUvOQ52','2022-02-09 00:02:32',NULL,'2022-02-23 08:00:00',4290),('please',0,123,'12:31.231','saefsgfwsef',176.80,4.40,'Long','Not At All',3.00,'wefwef','NSPHkjQiAaOqrjD6hZ5e9L1oYf43','2022-02-10 04:49:09','https://www.youtube.com/watch?v=unEjnnAx8mM','2022-02-23 08:00:00',4291),('RJ Burgerr1',1,0,'02:08.362','The 7 Titans',1002.33,5.20,'Medium','Not Very',5.00,'Slikscythez','iSD7u2cJe2QywG8FK9Yjci3rEKo1','2022-02-09 06:36:09',NULL,'2022-02-23 08:00:00',4292),('Danimalls',7,98,'24:29.602','Vicious',640.93,8.00,'Medium','Very',5.00,'Slikscythez','Z4Z5BjdOcHe6PDRbPqnwCyUvOQ52','2022-02-09 00:10:15',NULL,'2022-02-23 08:00:00',4293),('Danimalls',9,223,'28:13.595','Vicit',746.68,7.60,'Long','Moderately',4.00,'Danimalls','Z4Z5BjdOcHe6PDRbPqnwCyUvOQ52','2022-02-09 00:05:22',NULL,'2022-02-23 08:00:00',4294),('please',0,123,'12:31.231','vqwdv',176.90,4.30,'Short','Not Very',3.00,'wvqwdq','NSPHkjQiAaOqrjD6hZ5e9L1oYf43','2022-02-09 10:22:31',NULL,'2022-02-23 08:00:00',4295),('SunRiiZe',10,112,'18:34.866','Within',971.58,7.00,'Medium','Extremely',5.00,'ZZZZZZach','4CMFkHPTFIRAgb9bEBLThN9gcTf2','2022-02-08 22:50:43',NULL,'2022-02-23 08:00:00',4296),('Danimalls',9,63,'20:36.739','Within',1031.12,7.00,'Medium','Very',5.00,'ZZZZZZach','Z4Z5BjdOcHe6PDRbPqnwCyUvOQ52','2022-02-08 23:55:39',NULL,'2022-02-23 08:00:00',4297),('please',0,123,'12:31.231','afadfadf',507.36,5.00,'Medium','Moderately',3.00,'wefwefwef','NSPHkjQiAaOqrjD6hZ5e9L1oYf43','2022-02-10 04:36:49',NULL,'2022-02-24 08:00:10',4298),('Danimalls',5,67,'16:35.075','Annihilation',839.07,7.30,'Long','Very',5.00,'Qkoosy','Z4Z5BjdOcHe6PDRbPqnwCyUvOQ52','2022-02-09 00:03:55',NULL,'2022-02-24 08:00:10',4299),('RJ Burgerr1',1,0,'03:11.813','Apostle',1086.00,6.10,'Medium','Moderately',5.00,'Qkoosy','iSD7u2cJe2QywG8FK9Yjci3rEKo1','2022-02-09 06:40:56',NULL,'2022-02-24 08:00:10',4300),('please',0,123,'12:31.231','asdas',281.43,4.30,'Medium','Not Very',3.00,'asdd','NSPHkjQiAaOqrjD6hZ5e9L1oYf43','2022-02-09 23:01:27',NULL,'2022-02-24 08:00:10',4301),('please',0,123,'12:31.231','asdas',136.99,3.00,'Medium','Not Very',3.00,'dasdasd','NSPHkjQiAaOqrjD6hZ5e9L1oYf43','2022-02-09 22:53:58',NULL,'2022-02-24 08:00:10',4302),('Danimalls',5,87,'26:26.308','Dark Sabotage',521.37,7.30,'Medium','Very',5.00,'Qkoosy','Z4Z5BjdOcHe6PDRbPqnwCyUvOQ52','2022-02-09 00:09:20',NULL,'2022-02-24 08:00:10',4303),('please',0,70,'26:33.714','Erebus',930.03,8.30,'Long','Moderately',4.00,'matthew_wayne','NSPHkjQiAaOqrjD6hZ5e9L1oYf43','2022-02-10 06:53:09','https://www.youtube.com/watch?v=0PRjKjIuS5c','2022-02-24 08:00:10',4304),('Danimalls',2,35,'17:00.731','Flabbergasted',1467.37,8.00,'Long','Moderately',4.00,'Cavemandave247','Z4Z5BjdOcHe6PDRbPqnwCyUvOQ52','2022-02-09 00:11:52',NULL,'2022-02-24 08:00:10',4305),('Danimalls',2,19,'07:14.380','Fuji',860.93,7.00,'Medium','Very',5.00,'Skilbo_Baggins','Z4Z5BjdOcHe6PDRbPqnwCyUvOQ52','2022-02-09 00:06:12',NULL,'2022-02-24 08:00:10',4306),('Danimalls',7,53,'28:23.896','Infinity',607.55,8.00,'Long','Extremely',5.00,'Cavemandave247','Z4Z5BjdOcHe6PDRbPqnwCyUvOQ52','2022-02-09 00:11:00',NULL,'2022-02-24 08:00:10',4307),('please',0,141,'12:51.515','looloo',380.15,4.40,'Medium','Moderately',3.00,'llollo','NSPHkjQiAaOqrjD6hZ5e9L1oYf43','2022-02-18 19:27:43','','2022-02-24 08:00:10',4308),('Danimalls',4,18,'07:44.145','Luscious',883.49,7.10,'Medium','Very',5.00,'Classyfication','Z4Z5BjdOcHe6PDRbPqnwCyUvOQ52','2022-02-09 00:01:23',NULL,'2022-02-24 08:00:10',4309),('RJ Burgerr1',1,0,'02:49.087','Madoka',1056.73,6.00,'Medium','Moderately',5.00,'Qkoosy','iSD7u2cJe2QywG8FK9Yjci3rEKo1','2022-02-09 08:32:20',NULL,'2022-02-24 08:00:10',4310),('Danimalls',3,26,'08:52.783','Malicious',856.16,7.20,'Medium','Very',5.00,'Qkoosy','Z4Z5BjdOcHe6PDRbPqnwCyUvOQ52','2022-02-09 00:07:59',NULL,'2022-02-24 08:00:10',4311),('please',0,123,'12:31.231','maoaomooo',357.99,5.60,'Medium','Not At All',3.00,'kaooakooo','NSPHkjQiAaOqrjD6hZ5e9L1oYf43','2022-02-18 19:25:51','','2022-02-24 08:00:10',4312),('please',0,123,'12:31.231','maoomooo',357.99,5.60,'Medium','Not At All',3.00,'kaookooo','NSPHkjQiAaOqrjD6hZ5e9L1oYf43','2022-02-18 19:25:28','','2022-02-24 08:00:10',4313),('please',0,123,'12:31.231','moomoo',357.99,5.60,'Medium','Not At All',3.00,'kookoo','NSPHkjQiAaOqrjD6hZ5e9L1oYf43','2022-02-18 19:24:01','','2022-02-24 08:00:10',4314),('please',0,123,'12:31.231','moomooo',357.99,5.60,'Medium','Not At All',3.00,'kookooo','NSPHkjQiAaOqrjD6hZ5e9L1oYf43','2022-02-18 19:24:35','','2022-02-24 08:00:10',4315),('testuser2',0,123,'12:31.231','omjowefmo',156.28,3.70,'Medium','Not At All',3.00,'omwoefmo','G44Vx0eJn8c12fC4im8I994iZWT2','2022-02-09 10:20:54',NULL,'2022-02-24 08:00:10',4316),('please',0,123,'12:31.231','plaspl',95.13,2.50,'Medium','Not Very',4.00,'apsldp','NSPHkjQiAaOqrjD6hZ5e9L1oYf43','2022-02-18 18:57:40','','2022-02-24 08:00:10',4317),('please',0,123,'12:31.231','qfqwf',357.99,5.60,'Medium','Not At All',3.00,'qwfqwf','NSPHkjQiAaOqrjD6hZ5e9L1oYf43','2022-02-18 19:10:17','','2022-02-24 08:00:10',4318),('please',0,123,'12:31.231','qfqwfd',357.99,5.60,'Medium','Not At All',3.00,'qwfqwfd','NSPHkjQiAaOqrjD6hZ5e9L1oYf43','2022-02-18 19:17:29','','2022-02-24 08:00:10',4319),('please',0,123,'21:31.231','qwdfqwdpl',165.83,3.60,'Medium','Not Very',4.00,'qwedfplp123','NSPHkjQiAaOqrjD6hZ5e9L1oYf43','2022-02-18 19:07:38','','2022-02-24 08:00:10',4320),('please',0,123,'21:31.231','qwdfqwdpld',165.83,3.60,'Medium','Not Very',4.00,'qwedfplp123d','NSPHkjQiAaOqrjD6hZ5e9L1oYf43','2022-02-18 19:08:07','','2022-02-24 08:00:10',4321),('testuser2',0,123,'12:31.231','qwdqwd',175.95,3.40,'Medium','Not Very',4.00,'qwdqwd','G44Vx0eJn8c12fC4im8I994iZWT2','2022-02-09 10:19:15',NULL,'2022-02-24 08:00:10',4322),('testuser2',0,123,'12:31.231','qwdqwdewv',175.95,3.40,'Medium','Not Very',4.00,'qwdqwdvwe','G44Vx0eJn8c12fC4im8I994iZWT2','2022-02-09 10:20:02',NULL,'2022-02-24 08:00:10',4323),('Danimalls',13,64,'16:48.517','Sabotage',825.57,7.00,'Medium','Moderately',5.00,'Slikscythez','Z4Z5BjdOcHe6PDRbPqnwCyUvOQ52','2022-02-09 00:02:32',NULL,'2022-02-24 08:00:10',4324),('please',0,123,'12:31.231','saefsgfwsef',176.80,4.40,'Long','Not At All',3.00,'wefwef','NSPHkjQiAaOqrjD6hZ5e9L1oYf43','2022-02-10 04:49:09','https://www.youtube.com/watch?v=unEjnnAx8mM','2022-02-24 08:00:10',4325),('RJ Burgerr1',1,0,'02:08.362','The 7 Titans',1002.33,5.20,'Medium','Not Very',5.00,'Slikscythez','iSD7u2cJe2QywG8FK9Yjci3rEKo1','2022-02-09 06:36:09',NULL,'2022-02-24 08:00:10',4326),('Danimalls',7,98,'24:29.602','Vicious',640.93,8.00,'Medium','Very',5.00,'Slikscythez','Z4Z5BjdOcHe6PDRbPqnwCyUvOQ52','2022-02-09 00:10:15',NULL,'2022-02-24 08:00:10',4327),('Danimalls',9,223,'28:13.595','Vicit',746.68,7.60,'Long','Moderately',4.00,'Danimalls','Z4Z5BjdOcHe6PDRbPqnwCyUvOQ52','2022-02-09 00:05:22',NULL,'2022-02-24 08:00:10',4328),('please',0,123,'12:31.231','vqwdv',176.90,4.30,'Short','Not Very',3.00,'wvqwdq','NSPHkjQiAaOqrjD6hZ5e9L1oYf43','2022-02-09 10:22:31',NULL,'2022-02-24 08:00:10',4329),('TESTUSER',0,342,'23:42.342','wergwegwe',110.81,3.90,'Long','Not At All',4.00,'gwegwe2','v9ksChUkaNSVMjbRl464C4caDUm1','2022-02-23 20:43:05','','2022-02-24 08:00:10',4330),('SunRiiZe',10,112,'18:34.866','Within',971.58,7.00,'Medium','Extremely',5.00,'ZZZZZZach','4CMFkHPTFIRAgb9bEBLThN9gcTf2','2022-02-08 22:50:43',NULL,'2022-02-24 08:00:10',4331),('Danimalls',9,63,'20:36.739','Within',1031.12,7.00,'Medium','Very',5.00,'ZZZZZZach','Z4Z5BjdOcHe6PDRbPqnwCyUvOQ52','2022-02-08 23:55:39',NULL,'2022-02-24 08:00:10',4332),('please',0,123,'12:31.231','afadfadf',507.36,5.00,'Medium','Moderately',3.00,'wefwefwef','NSPHkjQiAaOqrjD6hZ5e9L1oYf43','2022-02-10 04:36:49',NULL,'2022-02-25 08:00:00',4333),('Danimalls',5,67,'16:35.075','Annihilation',839.07,7.30,'Long','Very',5.00,'Qkoosy','Z4Z5BjdOcHe6PDRbPqnwCyUvOQ52','2022-02-09 00:03:55',NULL,'2022-02-25 08:00:00',4334),('RJ Burgerr1',1,0,'03:11.813','Apostle',1086.00,6.10,'Medium','Moderately',5.00,'Qkoosy','iSD7u2cJe2QywG8FK9Yjci3rEKo1','2022-02-09 06:40:56',NULL,'2022-02-25 08:00:00',4335),('please',0,123,'12:31.231','asdas',281.43,4.30,'Medium','Not Very',3.00,'asdd','NSPHkjQiAaOqrjD6hZ5e9L1oYf43','2022-02-09 23:01:27',NULL,'2022-02-25 08:00:00',4336),('please',0,123,'12:31.231','asdas',136.99,3.00,'Medium','Not Very',3.00,'dasdasd','NSPHkjQiAaOqrjD6hZ5e9L1oYf43','2022-02-09 22:53:58',NULL,'2022-02-25 08:00:00',4337),('Danimalls',5,87,'26:26.308','Dark Sabotage',521.37,7.30,'Medium','Very',5.00,'Qkoosy','Z4Z5BjdOcHe6PDRbPqnwCyUvOQ52','2022-02-09 00:09:20',NULL,'2022-02-25 08:00:00',4338),('please',0,70,'26:33.714','Erebus',930.03,8.30,'Long','Moderately',4.00,'matthew_wayne','NSPHkjQiAaOqrjD6hZ5e9L1oYf43','2022-02-10 06:53:09','https://www.youtube.com/watch?v=0PRjKjIuS5c','2022-02-25 08:00:00',4339),('Danimalls',2,35,'17:00.731','Flabbergasted',1467.37,8.00,'Long','Moderately',4.00,'Cavemandave247','Z4Z5BjdOcHe6PDRbPqnwCyUvOQ52','2022-02-09 00:11:52',NULL,'2022-02-25 08:00:00',4340),('Danimalls',2,19,'07:14.380','Fuji',860.93,7.00,'Medium','Very',5.00,'Skilbo_Baggins','Z4Z5BjdOcHe6PDRbPqnwCyUvOQ52','2022-02-09 00:06:12',NULL,'2022-02-25 08:00:00',4341),('Danimalls',7,53,'28:23.896','Infinity',607.55,8.00,'Long','Extremely',5.00,'Cavemandave247','Z4Z5BjdOcHe6PDRbPqnwCyUvOQ52','2022-02-09 00:11:00',NULL,'2022-02-25 08:00:00',4342),('please',0,141,'12:51.515','looloo',380.15,4.40,'Medium','Moderately',3.00,'llollo','NSPHkjQiAaOqrjD6hZ5e9L1oYf43','2022-02-18 19:27:43','','2022-02-25 08:00:00',4343),('Danimalls',4,18,'07:44.145','Luscious',883.49,7.10,'Medium','Very',5.00,'Classyfication','Z4Z5BjdOcHe6PDRbPqnwCyUvOQ52','2022-02-09 00:01:23',NULL,'2022-02-25 08:00:00',4344),('RJ Burgerr1',1,0,'02:49.087','Madoka',1056.73,6.00,'Medium','Moderately',5.00,'Qkoosy','iSD7u2cJe2QywG8FK9Yjci3rEKo1','2022-02-09 08:32:20',NULL,'2022-02-25 08:00:00',4345),('Danimalls',3,26,'08:52.783','Malicious',856.16,7.20,'Medium','Very',5.00,'Qkoosy','Z4Z5BjdOcHe6PDRbPqnwCyUvOQ52','2022-02-09 00:07:59',NULL,'2022-02-25 08:00:00',4346),('please',0,123,'12:31.231','maoaomooo',357.99,5.60,'Medium','Not At All',3.00,'kaooakooo','NSPHkjQiAaOqrjD6hZ5e9L1oYf43','2022-02-18 19:25:51','','2022-02-25 08:00:00',4347),('please',0,123,'12:31.231','maoomooo',357.99,5.60,'Medium','Not At All',3.00,'kaookooo','NSPHkjQiAaOqrjD6hZ5e9L1oYf43','2022-02-18 19:25:28','','2022-02-25 08:00:00',4348),('please',0,123,'12:31.231','moomoo',357.99,5.60,'Medium','Not At All',3.00,'kookoo','NSPHkjQiAaOqrjD6hZ5e9L1oYf43','2022-02-18 19:24:01','','2022-02-25 08:00:00',4349),('please',0,123,'12:31.231','moomooo',357.99,5.60,'Medium','Not At All',3.00,'kookooo','NSPHkjQiAaOqrjD6hZ5e9L1oYf43','2022-02-18 19:24:35','','2022-02-25 08:00:00',4350),('testuser2',0,123,'12:31.231','omjowefmo',156.28,3.70,'Medium','Not At All',3.00,'omwoefmo','G44Vx0eJn8c12fC4im8I994iZWT2','2022-02-09 10:20:54',NULL,'2022-02-25 08:00:00',4351),('please',0,123,'12:31.231','plaspl',95.13,2.50,'Medium','Not Very',4.00,'apsldp','NSPHkjQiAaOqrjD6hZ5e9L1oYf43','2022-02-18 18:57:40','','2022-02-25 08:00:00',4352),('please',0,123,'12:31.231','qfqwf',357.99,5.60,'Medium','Not At All',3.00,'qwfqwf','NSPHkjQiAaOqrjD6hZ5e9L1oYf43','2022-02-18 19:10:17','','2022-02-25 08:00:00',4353),('please',0,123,'12:31.231','qfqwfd',357.99,5.60,'Medium','Not At All',3.00,'qwfqwfd','NSPHkjQiAaOqrjD6hZ5e9L1oYf43','2022-02-18 19:17:29','','2022-02-25 08:00:00',4354),('please',0,123,'21:31.231','qwdfqwdpl',165.83,3.60,'Medium','Not Very',4.00,'qwedfplp123','NSPHkjQiAaOqrjD6hZ5e9L1oYf43','2022-02-18 19:07:38','','2022-02-25 08:00:00',4355),('please',0,123,'21:31.231','qwdfqwdpld',165.83,3.60,'Medium','Not Very',4.00,'qwedfplp123d','NSPHkjQiAaOqrjD6hZ5e9L1oYf43','2022-02-18 19:08:07','','2022-02-25 08:00:00',4356),('testuser2',0,123,'12:31.231','qwdqwd',175.95,3.40,'Medium','Not Very',4.00,'qwdqwd','G44Vx0eJn8c12fC4im8I994iZWT2','2022-02-09 10:19:15',NULL,'2022-02-25 08:00:00',4357),('testuser2',0,123,'12:31.231','qwdqwdewv',175.95,3.40,'Medium','Not Very',4.00,'qwdqwdvwe','G44Vx0eJn8c12fC4im8I994iZWT2','2022-02-09 10:20:02',NULL,'2022-02-25 08:00:00',4358),('Danimalls',13,64,'16:48.517','Sabotage',825.57,7.00,'Medium','Moderately',5.00,'Slikscythez','Z4Z5BjdOcHe6PDRbPqnwCyUvOQ52','2022-02-09 00:02:32',NULL,'2022-02-25 08:00:00',4359),('please',0,123,'12:31.231','saefsgfwsef',176.80,4.40,'Long','Not At All',3.00,'wefwef','NSPHkjQiAaOqrjD6hZ5e9L1oYf43','2022-02-10 04:49:09','https://www.youtube.com/watch?v=unEjnnAx8mM','2022-02-25 08:00:00',4360),('RJ Burgerr1',1,0,'02:08.362','The 7 Titans',1002.33,5.20,'Medium','Not Very',5.00,'Slikscythez','iSD7u2cJe2QywG8FK9Yjci3rEKo1','2022-02-09 06:36:09',NULL,'2022-02-25 08:00:00',4361),('Danimalls',7,98,'24:29.602','Vicious',640.93,8.00,'Medium','Very',5.00,'Slikscythez','Z4Z5BjdOcHe6PDRbPqnwCyUvOQ52','2022-02-09 00:10:15',NULL,'2022-02-25 08:00:00',4362),('Danimalls',9,223,'28:13.595','Vicit',746.68,7.60,'Long','Moderately',4.00,'Danimalls','Z4Z5BjdOcHe6PDRbPqnwCyUvOQ52','2022-02-09 00:05:22',NULL,'2022-02-25 08:00:00',4363),('please',0,123,'12:31.231','vqwdv',176.90,4.30,'Short','Not Very',3.00,'wvqwdq','NSPHkjQiAaOqrjD6hZ5e9L1oYf43','2022-02-09 10:22:31',NULL,'2022-02-25 08:00:00',4364),('TESTUSER',0,342,'23:42.342','wergwegwe',110.81,3.90,'Long','Not At All',4.00,'gwegwe2','v9ksChUkaNSVMjbRl464C4caDUm1','2022-02-23 20:43:05','','2022-02-25 08:00:00',4365),('SunRiiZe',10,112,'18:34.866','Within',971.58,7.00,'Medium','Extremely',5.00,'ZZZZZZach','4CMFkHPTFIRAgb9bEBLThN9gcTf2','2022-02-08 22:50:43',NULL,'2022-02-25 08:00:00',4366),('Danimalls',9,63,'20:36.739','Within',1031.12,7.00,'Medium','Very',5.00,'ZZZZZZach','Z4Z5BjdOcHe6PDRbPqnwCyUvOQ52','2022-02-08 23:55:39',NULL,'2022-02-25 08:00:00',4367),('please',0,123,'12:31.231','afadfadf',507.36,5.00,'Medium','Moderately',3.00,'wefwefwef','NSPHkjQiAaOqrjD6hZ5e9L1oYf43','2022-02-10 04:36:49',NULL,'2022-02-26 08:00:09',4368),('Danimalls',5,67,'16:35.075','Annihilation',839.07,7.30,'Long','Very',5.00,'Qkoosy','Z4Z5BjdOcHe6PDRbPqnwCyUvOQ52','2022-02-09 00:03:55',NULL,'2022-02-26 08:00:09',4369),('RJ Burgerr1',1,0,'03:11.813','Apostle',1086.00,6.10,'Medium','Moderately',5.00,'Qkoosy','iSD7u2cJe2QywG8FK9Yjci3rEKo1','2022-02-09 06:40:56',NULL,'2022-02-26 08:00:09',4370),('please',0,123,'12:31.231','asdas',281.43,4.30,'Medium','Not Very',3.00,'asdd','NSPHkjQiAaOqrjD6hZ5e9L1oYf43','2022-02-09 23:01:27',NULL,'2022-02-26 08:00:09',4371),('please',0,123,'12:31.231','asdas',136.99,3.00,'Medium','Not Very',3.00,'dasdasd','NSPHkjQiAaOqrjD6hZ5e9L1oYf43','2022-02-09 22:53:58',NULL,'2022-02-26 08:00:09',4372),('Danimalls',5,87,'26:26.308','Dark Sabotage',521.37,7.30,'Medium','Very',5.00,'Qkoosy','Z4Z5BjdOcHe6PDRbPqnwCyUvOQ52','2022-02-09 00:09:20',NULL,'2022-02-26 08:00:09',4373),('please',0,70,'26:33.714','Erebus',930.03,8.30,'Long','Moderately',4.00,'matthew_wayne','NSPHkjQiAaOqrjD6hZ5e9L1oYf43','2022-02-10 06:53:09','https://www.youtube.com/watch?v=0PRjKjIuS5c','2022-02-26 08:00:09',4374),('Danimalls',2,35,'17:00.731','Flabbergasted',1467.37,8.00,'Long','Moderately',4.00,'Cavemandave247','Z4Z5BjdOcHe6PDRbPqnwCyUvOQ52','2022-02-09 00:11:52',NULL,'2022-02-26 08:00:09',4375),('Danimalls',2,19,'07:14.380','Fuji',860.93,7.00,'Medium','Very',5.00,'Skilbo_Baggins','Z4Z5BjdOcHe6PDRbPqnwCyUvOQ52','2022-02-09 00:06:12',NULL,'2022-02-26 08:00:09',4376),('Danimalls',7,53,'28:23.896','Infinity',607.55,8.00,'Long','Extremely',5.00,'Cavemandave247','Z4Z5BjdOcHe6PDRbPqnwCyUvOQ52','2022-02-09 00:11:00',NULL,'2022-02-26 08:00:09',4377),('please',0,141,'12:51.515','looloo',380.15,4.40,'Medium','Moderately',3.00,'llollo','NSPHkjQiAaOqrjD6hZ5e9L1oYf43','2022-02-18 19:27:43','','2022-02-26 08:00:09',4378),('Danimalls',4,18,'07:44.145','Luscious',883.49,7.10,'Medium','Very',5.00,'Classyfication','Z4Z5BjdOcHe6PDRbPqnwCyUvOQ52','2022-02-09 00:01:23',NULL,'2022-02-26 08:00:09',4379),('RJ Burgerr1',1,0,'02:49.087','Madoka',1056.73,6.00,'Medium','Moderately',5.00,'Qkoosy','iSD7u2cJe2QywG8FK9Yjci3rEKo1','2022-02-09 08:32:20',NULL,'2022-02-26 08:00:10',4380),('Danimalls',3,26,'08:52.783','Malicious',856.16,7.20,'Medium','Very',5.00,'Qkoosy','Z4Z5BjdOcHe6PDRbPqnwCyUvOQ52','2022-02-09 00:07:59',NULL,'2022-02-26 08:00:10',4381),('please',0,123,'12:31.231','maoaomooo',357.99,5.60,'Medium','Not At All',3.00,'kaooakooo','NSPHkjQiAaOqrjD6hZ5e9L1oYf43','2022-02-18 19:25:51','','2022-02-26 08:00:10',4382),('please',0,123,'12:31.231','maoomooo',357.99,5.60,'Medium','Not At All',3.00,'kaookooo','NSPHkjQiAaOqrjD6hZ5e9L1oYf43','2022-02-18 19:25:28','','2022-02-26 08:00:10',4383),('please',0,123,'12:31.231','moomoo',357.99,5.60,'Medium','Not At All',3.00,'kookoo','NSPHkjQiAaOqrjD6hZ5e9L1oYf43','2022-02-18 19:24:01','','2022-02-26 08:00:10',4384),('please',0,123,'12:31.231','moomooo',357.99,5.60,'Medium','Not At All',3.00,'kookooo','NSPHkjQiAaOqrjD6hZ5e9L1oYf43','2022-02-18 19:24:35','','2022-02-26 08:00:10',4385),('testuser2',0,123,'12:31.231','omjowefmo',156.28,3.70,'Medium','Not At All',3.00,'omwoefmo','G44Vx0eJn8c12fC4im8I994iZWT2','2022-02-09 10:20:54',NULL,'2022-02-26 08:00:10',4386),('please',0,123,'12:31.231','plaspl',95.13,2.50,'Medium','Not Very',4.00,'apsldp','NSPHkjQiAaOqrjD6hZ5e9L1oYf43','2022-02-18 18:57:40','','2022-02-26 08:00:10',4387),('please',0,123,'12:31.231','qfqwf',357.99,5.60,'Medium','Not At All',3.00,'qwfqwf','NSPHkjQiAaOqrjD6hZ5e9L1oYf43','2022-02-18 19:10:17','','2022-02-26 08:00:10',4388),('please',0,123,'12:31.231','qfqwfd',357.99,5.60,'Medium','Not At All',3.00,'qwfqwfd','NSPHkjQiAaOqrjD6hZ5e9L1oYf43','2022-02-18 19:17:29','','2022-02-26 08:00:10',4389),('please',0,123,'21:31.231','qwdfqwdpl',165.83,3.60,'Medium','Not Very',4.00,'qwedfplp123','NSPHkjQiAaOqrjD6hZ5e9L1oYf43','2022-02-18 19:07:38','','2022-02-26 08:00:10',4390),('please',0,123,'21:31.231','qwdfqwdpld',165.83,3.60,'Medium','Not Very',4.00,'qwedfplp123d','NSPHkjQiAaOqrjD6hZ5e9L1oYf43','2022-02-18 19:08:07','','2022-02-26 08:00:10',4391),('testuser2',0,123,'12:31.231','qwdqwd',175.95,3.40,'Medium','Not Very',4.00,'qwdqwd','G44Vx0eJn8c12fC4im8I994iZWT2','2022-02-09 10:19:15',NULL,'2022-02-26 08:00:10',4392),('testuser2',0,123,'12:31.231','qwdqwdewv',175.95,3.40,'Medium','Not Very',4.00,'qwdqwdvwe','G44Vx0eJn8c12fC4im8I994iZWT2','2022-02-09 10:20:02',NULL,'2022-02-26 08:00:10',4393),('Danimalls',13,64,'16:48.517','Sabotage',825.57,7.00,'Medium','Moderately',5.00,'Slikscythez','Z4Z5BjdOcHe6PDRbPqnwCyUvOQ52','2022-02-09 00:02:32',NULL,'2022-02-26 08:00:10',4394),('please',0,123,'12:31.231','saefsgfwsef',176.80,4.40,'Long','Not At All',3.00,'wefwef','NSPHkjQiAaOqrjD6hZ5e9L1oYf43','2022-02-10 04:49:09','https://www.youtube.com/watch?v=unEjnnAx8mM','2022-02-26 08:00:10',4395),('RJ Burgerr1',1,0,'02:08.362','The 7 Titans',1002.33,5.20,'Medium','Not Very',5.00,'Slikscythez','iSD7u2cJe2QywG8FK9Yjci3rEKo1','2022-02-09 06:36:09',NULL,'2022-02-26 08:00:10',4396),('Danimalls',7,98,'24:29.602','Vicious',640.93,8.00,'Medium','Very',5.00,'Slikscythez','Z4Z5BjdOcHe6PDRbPqnwCyUvOQ52','2022-02-09 00:10:15',NULL,'2022-02-26 08:00:10',4397),('Danimalls',9,223,'28:13.595','Vicit',746.68,7.60,'Long','Moderately',4.00,'Danimalls','Z4Z5BjdOcHe6PDRbPqnwCyUvOQ52','2022-02-09 00:05:22',NULL,'2022-02-26 08:00:10',4398),('please',0,123,'12:31.231','vqwdv',176.90,4.30,'Short','Not Very',3.00,'wvqwdq','NSPHkjQiAaOqrjD6hZ5e9L1oYf43','2022-02-09 10:22:31',NULL,'2022-02-26 08:00:10',4399),('TESTUSER',0,342,'23:42.342','wergwegwe',110.81,3.90,'Long','Not At All',4.00,'gwegwe2','v9ksChUkaNSVMjbRl464C4caDUm1','2022-02-23 20:43:05','','2022-02-26 08:00:10',4400),('SunRiiZe',10,112,'18:34.866','Within',971.58,7.00,'Medium','Extremely',5.00,'ZZZZZZach','4CMFkHPTFIRAgb9bEBLThN9gcTf2','2022-02-08 22:50:43',NULL,'2022-02-26 08:00:10',4401),('Danimalls',9,63,'20:36.739','Within',1031.12,7.00,'Medium','Very',5.00,'ZZZZZZach','Z4Z5BjdOcHe6PDRbPqnwCyUvOQ52','2022-02-08 23:55:39',NULL,'2022-02-26 08:00:10',4402),('please',0,123,'12:31.231','afadfadf',507.36,5.00,'Medium','Moderately',3.00,'wefwefwef','NSPHkjQiAaOqrjD6hZ5e9L1oYf43','2022-02-10 04:36:49',NULL,'2022-02-27 08:00:10',4403),('Danimalls',5,67,'16:35.075','Annihilation',839.07,7.30,'Long','Very',5.00,'Qkoosy','Z4Z5BjdOcHe6PDRbPqnwCyUvOQ52','2022-02-09 00:03:55',NULL,'2022-02-27 08:00:10',4404),('RJ Burgerr1',1,0,'03:11.813','Apostle',1086.00,6.10,'Medium','Moderately',5.00,'Qkoosy','iSD7u2cJe2QywG8FK9Yjci3rEKo1','2022-02-09 06:40:56',NULL,'2022-02-27 08:00:10',4405),('please',0,123,'12:31.231','asdas',281.43,4.30,'Medium','Not Very',3.00,'asdd','NSPHkjQiAaOqrjD6hZ5e9L1oYf43','2022-02-09 23:01:27',NULL,'2022-02-27 08:00:10',4406),('please',0,123,'12:31.231','asdas',136.99,3.00,'Medium','Not Very',3.00,'dasdasd','NSPHkjQiAaOqrjD6hZ5e9L1oYf43','2022-02-09 22:53:58',NULL,'2022-02-27 08:00:10',4407),('Danimalls',5,87,'26:26.308','Dark Sabotage',521.37,7.30,'Medium','Very',5.00,'Qkoosy','Z4Z5BjdOcHe6PDRbPqnwCyUvOQ52','2022-02-09 00:09:20',NULL,'2022-02-27 08:00:10',4408),('please',0,70,'26:33.714','Erebus',930.03,8.30,'Long','Moderately',4.00,'matthew_wayne','NSPHkjQiAaOqrjD6hZ5e9L1oYf43','2022-02-10 06:53:09','https://www.youtube.com/watch?v=0PRjKjIuS5c','2022-02-27 08:00:10',4409),('Danimalls',2,35,'17:00.731','Flabbergasted',1467.37,8.00,'Long','Moderately',4.00,'Cavemandave247','Z4Z5BjdOcHe6PDRbPqnwCyUvOQ52','2022-02-09 00:11:52',NULL,'2022-02-27 08:00:10',4410),('Danimalls',2,19,'07:14.380','Fuji',860.93,7.00,'Medium','Very',5.00,'Skilbo_Baggins','Z4Z5BjdOcHe6PDRbPqnwCyUvOQ52','2022-02-09 00:06:12',NULL,'2022-02-27 08:00:10',4411),('Danimalls',7,53,'28:23.896','Infinity',607.55,8.00,'Long','Extremely',5.00,'Cavemandave247','Z4Z5BjdOcHe6PDRbPqnwCyUvOQ52','2022-02-09 00:11:00',NULL,'2022-02-27 08:00:10',4412),('please',0,141,'12:51.515','looloo',380.15,4.40,'Medium','Moderately',3.00,'llollo','NSPHkjQiAaOqrjD6hZ5e9L1oYf43','2022-02-18 19:27:43','','2022-02-27 08:00:10',4413),('Danimalls',4,18,'07:44.145','Luscious',883.49,7.10,'Medium','Very',5.00,'Classyfication','Z4Z5BjdOcHe6PDRbPqnwCyUvOQ52','2022-02-09 00:01:23',NULL,'2022-02-27 08:00:10',4414),('RJ Burgerr1',1,0,'02:49.087','Madoka',1056.73,6.00,'Medium','Moderately',5.00,'Qkoosy','iSD7u2cJe2QywG8FK9Yjci3rEKo1','2022-02-09 08:32:20',NULL,'2022-02-27 08:00:10',4415),('Danimalls',3,26,'08:52.783','Malicious',856.16,7.20,'Medium','Very',5.00,'Qkoosy','Z4Z5BjdOcHe6PDRbPqnwCyUvOQ52','2022-02-09 00:07:59',NULL,'2022-02-27 08:00:10',4416),('please',0,123,'12:31.231','maoaomooo',357.99,5.60,'Medium','Not At All',3.00,'kaooakooo','NSPHkjQiAaOqrjD6hZ5e9L1oYf43','2022-02-18 19:25:51','','2022-02-27 08:00:10',4417),('please',0,123,'12:31.231','maoomooo',357.99,5.60,'Medium','Not At All',3.00,'kaookooo','NSPHkjQiAaOqrjD6hZ5e9L1oYf43','2022-02-18 19:25:28','','2022-02-27 08:00:10',4418),('please',0,123,'12:31.231','moomoo',357.99,5.60,'Medium','Not At All',3.00,'kookoo','NSPHkjQiAaOqrjD6hZ5e9L1oYf43','2022-02-18 19:24:01','','2022-02-27 08:00:10',4419),('please',0,123,'12:31.231','moomooo',357.99,5.60,'Medium','Not At All',3.00,'kookooo','NSPHkjQiAaOqrjD6hZ5e9L1oYf43','2022-02-18 19:24:35','','2022-02-27 08:00:10',4420),('testuser2',0,123,'12:31.231','omjowefmo',156.28,3.70,'Medium','Not At All',3.00,'omwoefmo','G44Vx0eJn8c12fC4im8I994iZWT2','2022-02-09 10:20:54',NULL,'2022-02-27 08:00:10',4421),('please',0,123,'12:31.231','plaspl',95.13,2.50,'Medium','Not Very',4.00,'apsldp','NSPHkjQiAaOqrjD6hZ5e9L1oYf43','2022-02-18 18:57:40','','2022-02-27 08:00:10',4422),('please',0,123,'12:31.231','qfqwf',357.99,5.60,'Medium','Not At All',3.00,'qwfqwf','NSPHkjQiAaOqrjD6hZ5e9L1oYf43','2022-02-18 19:10:17','','2022-02-27 08:00:10',4423),('please',0,123,'12:31.231','qfqwfd',357.99,5.60,'Medium','Not At All',3.00,'qwfqwfd','NSPHkjQiAaOqrjD6hZ5e9L1oYf43','2022-02-18 19:17:29','','2022-02-27 08:00:10',4424),('please',0,123,'21:31.231','qwdfqwdpl',165.83,3.60,'Medium','Not Very',4.00,'qwedfplp123','NSPHkjQiAaOqrjD6hZ5e9L1oYf43','2022-02-18 19:07:38','','2022-02-27 08:00:10',4425),('please',0,123,'21:31.231','qwdfqwdpld',165.83,3.60,'Medium','Not Very',4.00,'qwedfplp123d','NSPHkjQiAaOqrjD6hZ5e9L1oYf43','2022-02-18 19:08:07','','2022-02-27 08:00:10',4426),('testuser2',0,123,'12:31.231','qwdqwd',175.95,3.40,'Medium','Not Very',4.00,'qwdqwd','G44Vx0eJn8c12fC4im8I994iZWT2','2022-02-09 10:19:15',NULL,'2022-02-27 08:00:10',4427),('testuser2',0,123,'12:31.231','qwdqwdewv',175.95,3.40,'Medium','Not Very',4.00,'qwdqwdvwe','G44Vx0eJn8c12fC4im8I994iZWT2','2022-02-09 10:20:02',NULL,'2022-02-27 08:00:10',4428),('Danimalls',13,64,'16:48.517','Sabotage',825.57,7.00,'Medium','Moderately',5.00,'Slikscythez','Z4Z5BjdOcHe6PDRbPqnwCyUvOQ52','2022-02-09 00:02:32',NULL,'2022-02-27 08:00:10',4429),('please',0,123,'12:31.231','saefsgfwsef',176.80,4.40,'Long','Not At All',3.00,'wefwef','NSPHkjQiAaOqrjD6hZ5e9L1oYf43','2022-02-10 04:49:09','https://www.youtube.com/watch?v=unEjnnAx8mM','2022-02-27 08:00:10',4430),('RJ Burgerr1',1,0,'02:08.362','The 7 Titans',1002.33,5.20,'Medium','Not Very',5.00,'Slikscythez','iSD7u2cJe2QywG8FK9Yjci3rEKo1','2022-02-09 06:36:09',NULL,'2022-02-27 08:00:10',4431),('Danimalls',7,98,'24:29.602','Vicious',640.93,8.00,'Medium','Very',5.00,'Slikscythez','Z4Z5BjdOcHe6PDRbPqnwCyUvOQ52','2022-02-09 00:10:15',NULL,'2022-02-27 08:00:10',4432),('Danimalls',9,223,'28:13.595','Vicit',746.68,7.60,'Long','Moderately',4.00,'Danimalls','Z4Z5BjdOcHe6PDRbPqnwCyUvOQ52','2022-02-09 00:05:22',NULL,'2022-02-27 08:00:10',4433),('please',0,123,'12:31.231','vqwdv',176.90,4.30,'Short','Not Very',3.00,'wvqwdq','NSPHkjQiAaOqrjD6hZ5e9L1oYf43','2022-02-09 10:22:31',NULL,'2022-02-27 08:00:10',4434),('TESTUSER',0,342,'23:42.342','wergwegwe',110.81,3.90,'Long','Not At All',4.00,'gwegwe2','v9ksChUkaNSVMjbRl464C4caDUm1','2022-02-23 20:43:05','','2022-02-27 08:00:10',4435),('SunRiiZe',10,112,'18:34.866','Within',971.58,7.00,'Medium','Extremely',5.00,'ZZZZZZach','4CMFkHPTFIRAgb9bEBLThN9gcTf2','2022-02-08 22:50:43',NULL,'2022-02-27 08:00:10',4436),('Danimalls',9,63,'20:36.739','Within',1031.12,7.00,'Medium','Very',5.00,'ZZZZZZach','Z4Z5BjdOcHe6PDRbPqnwCyUvOQ52','2022-02-08 23:55:39',NULL,'2022-02-27 08:00:10',4437),('please',0,123,'12:31.231','afadfadf',507.36,5.00,'Medium','Moderately',3.00,'wefwefwef','NSPHkjQiAaOqrjD6hZ5e9L1oYf43','2022-02-10 04:36:49',NULL,'2022-03-01 08:00:02',4438),('Danimalls',5,67,'16:35.075','Annihilation',839.07,7.30,'Long','Very',5.00,'Qkoosy','Z4Z5BjdOcHe6PDRbPqnwCyUvOQ52','2022-02-09 00:03:55',NULL,'2022-03-01 08:00:02',4439),('RJ Burgerr1',1,0,'03:11.813','Apostle',1086.00,6.10,'Medium','Moderately',5.00,'Qkoosy','iSD7u2cJe2QywG8FK9Yjci3rEKo1','2022-02-09 06:40:56',NULL,'2022-03-01 08:00:02',4440),('please',0,123,'12:31.231','asdas',281.43,4.30,'Medium','Not Very',3.00,'asdd','NSPHkjQiAaOqrjD6hZ5e9L1oYf43','2022-02-09 23:01:27',NULL,'2022-03-01 08:00:02',4441),('please',0,123,'12:31.231','asdas',136.99,3.00,'Medium','Not Very',3.00,'dasdasd','NSPHkjQiAaOqrjD6hZ5e9L1oYf43','2022-02-09 22:53:58',NULL,'2022-03-01 08:00:02',4442),('Danimalls',5,87,'26:26.308','Dark Sabotage',521.37,7.30,'Medium','Very',5.00,'Qkoosy','Z4Z5BjdOcHe6PDRbPqnwCyUvOQ52','2022-02-09 00:09:20',NULL,'2022-03-01 08:00:02',4443),('please',0,70,'26:33.714','Erebus',930.03,8.30,'Long','Moderately',4.00,'matthew_wayne','NSPHkjQiAaOqrjD6hZ5e9L1oYf43','2022-02-10 06:53:09','https://www.youtube.com/watch?v=0PRjKjIuS5c','2022-03-01 08:00:02',4444),('Danimalls',2,35,'17:00.731','Flabbergasted',1467.37,8.00,'Long','Moderately',4.00,'Cavemandave247','Z4Z5BjdOcHe6PDRbPqnwCyUvOQ52','2022-02-09 00:11:52',NULL,'2022-03-01 08:00:02',4445),('Danimalls',2,19,'07:14.380','Fuji',860.93,7.00,'Medium','Very',5.00,'Skilbo_Baggins','Z4Z5BjdOcHe6PDRbPqnwCyUvOQ52','2022-02-09 00:06:12',NULL,'2022-03-01 08:00:02',4446),('Danimalls',7,53,'28:23.896','Infinity',607.55,8.00,'Long','Extremely',5.00,'Cavemandave247','Z4Z5BjdOcHe6PDRbPqnwCyUvOQ52','2022-02-09 00:11:00',NULL,'2022-03-01 08:00:02',4447),('please',0,141,'12:51.515','looloo',380.15,4.40,'Medium','Moderately',3.00,'llollo','NSPHkjQiAaOqrjD6hZ5e9L1oYf43','2022-02-18 19:27:43','','2022-03-01 08:00:02',4448),('Danimalls',4,18,'07:44.145','Luscious',883.49,7.10,'Medium','Very',5.00,'Classyfication','Z4Z5BjdOcHe6PDRbPqnwCyUvOQ52','2022-02-09 00:01:23',NULL,'2022-03-01 08:00:02',4449),('RJ Burgerr1',1,0,'02:49.087','Madoka',1056.73,6.00,'Medium','Moderately',5.00,'Qkoosy','iSD7u2cJe2QywG8FK9Yjci3rEKo1','2022-02-09 08:32:20',NULL,'2022-03-01 08:00:02',4450),('Danimalls',3,26,'08:52.783','Malicious',856.16,7.20,'Medium','Very',5.00,'Qkoosy','Z4Z5BjdOcHe6PDRbPqnwCyUvOQ52','2022-02-09 00:07:59',NULL,'2022-03-01 08:00:02',4451),('please',0,123,'12:31.231','maoaomooo',357.99,5.60,'Medium','Not At All',3.00,'kaooakooo','NSPHkjQiAaOqrjD6hZ5e9L1oYf43','2022-02-18 19:25:51','','2022-03-01 08:00:02',4452),('please',0,123,'12:31.231','maoomooo',357.99,5.60,'Medium','Not At All',3.00,'kaookooo','NSPHkjQiAaOqrjD6hZ5e9L1oYf43','2022-02-18 19:25:28','','2022-03-01 08:00:02',4453),('please',0,123,'12:31.231','moomoo',357.99,5.60,'Medium','Not At All',3.00,'kookoo','NSPHkjQiAaOqrjD6hZ5e9L1oYf43','2022-02-18 19:24:01','','2022-03-01 08:00:02',4454),('please',0,123,'12:31.231','moomooo',357.99,5.60,'Medium','Not At All',3.00,'kookooo','NSPHkjQiAaOqrjD6hZ5e9L1oYf43','2022-02-18 19:24:35','','2022-03-01 08:00:02',4455),('testuser2',0,123,'12:31.231','omjowefmo',156.28,3.70,'Medium','Not At All',3.00,'omwoefmo','G44Vx0eJn8c12fC4im8I994iZWT2','2022-02-09 10:20:54',NULL,'2022-03-01 08:00:02',4456),('please',0,123,'12:31.231','plaspl',95.13,2.50,'Medium','Not Very',4.00,'apsldp','NSPHkjQiAaOqrjD6hZ5e9L1oYf43','2022-02-18 18:57:40','','2022-03-01 08:00:02',4457),('please',0,123,'12:31.231','qfqwf',357.99,5.60,'Medium','Not At All',3.00,'qwfqwf','NSPHkjQiAaOqrjD6hZ5e9L1oYf43','2022-02-18 19:10:17','','2022-03-01 08:00:02',4458),('please',0,123,'12:31.231','qfqwfd',357.99,5.60,'Medium','Not At All',3.00,'qwfqwfd','NSPHkjQiAaOqrjD6hZ5e9L1oYf43','2022-02-18 19:17:29','','2022-03-01 08:00:02',4459),('please',0,123,'21:31.231','qwdfqwdpl',165.83,3.60,'Medium','Not Very',4.00,'qwedfplp123','NSPHkjQiAaOqrjD6hZ5e9L1oYf43','2022-02-18 19:07:38','','2022-03-01 08:00:02',4460),('please',0,123,'21:31.231','qwdfqwdpld',165.83,3.60,'Medium','Not Very',4.00,'qwedfplp123d','NSPHkjQiAaOqrjD6hZ5e9L1oYf43','2022-02-18 19:08:07','','2022-03-01 08:00:02',4461),('testuser2',0,123,'12:31.231','qwdqwd',175.95,3.40,'Medium','Not Very',4.00,'qwdqwd','G44Vx0eJn8c12fC4im8I994iZWT2','2022-02-09 10:19:15',NULL,'2022-03-01 08:00:02',4462),('testuser2',0,123,'12:31.231','qwdqwdewv',175.95,3.40,'Medium','Not Very',4.00,'qwdqwdvwe','G44Vx0eJn8c12fC4im8I994iZWT2','2022-02-09 10:20:02',NULL,'2022-03-01 08:00:02',4463),('Danimalls',13,64,'16:48.517','Sabotage',825.57,7.00,'Medium','Moderately',5.00,'Slikscythez','Z4Z5BjdOcHe6PDRbPqnwCyUvOQ52','2022-02-09 00:02:32',NULL,'2022-03-01 08:00:02',4464),('please',0,123,'12:31.231','saefsgfwsef',176.80,4.40,'Long','Not At All',3.00,'wefwef','NSPHkjQiAaOqrjD6hZ5e9L1oYf43','2022-02-10 04:49:09','https://www.youtube.com/watch?v=unEjnnAx8mM','2022-03-01 08:00:02',4465),('RJ Burgerr1',1,0,'02:08.362','The 7 Titans',1002.33,5.20,'Medium','Not Very',5.00,'Slikscythez','iSD7u2cJe2QywG8FK9Yjci3rEKo1','2022-02-09 06:36:09',NULL,'2022-03-01 08:00:02',4466),('Danimalls',7,98,'24:29.602','Vicious',640.93,8.00,'Medium','Very',5.00,'Slikscythez','Z4Z5BjdOcHe6PDRbPqnwCyUvOQ52','2022-02-09 00:10:15',NULL,'2022-03-01 08:00:02',4467),('Danimalls',9,223,'28:13.595','Vicit',746.68,7.60,'Long','Moderately',4.00,'Danimalls','Z4Z5BjdOcHe6PDRbPqnwCyUvOQ52','2022-02-09 00:05:22',NULL,'2022-03-01 08:00:02',4468),('please',0,123,'12:31.231','vqwdv',176.90,4.30,'Short','Not Very',3.00,'wvqwdq','NSPHkjQiAaOqrjD6hZ5e9L1oYf43','2022-02-09 10:22:31',NULL,'2022-03-01 08:00:02',4469),('TESTUSER',0,342,'23:42.342','wergwegwe',110.81,3.90,'Long','Not At All',4.00,'gwegwe2','v9ksChUkaNSVMjbRl464C4caDUm1','2022-02-23 20:43:05','','2022-03-01 08:00:02',4470),('SunRiiZe',10,112,'18:34.866','Within',971.58,7.00,'Medium','Extremely',5.00,'ZZZZZZach','4CMFkHPTFIRAgb9bEBLThN9gcTf2','2022-02-08 22:50:43',NULL,'2022-03-01 08:00:02',4471),('Danimalls',9,63,'20:36.739','Within',1031.12,7.00,'Medium','Very',5.00,'ZZZZZZach','Z4Z5BjdOcHe6PDRbPqnwCyUvOQ52','2022-02-08 23:55:39',NULL,'2022-03-01 08:00:02',4472);
/*!40000 ALTER TABLE `runshistory` ENABLE KEYS */;
UNLOCK TABLES;

--
-- Table structure for table `tracks`
--

DROP TABLE IF EXISTS `tracks`;
/*!40101 SET @saved_cs_client     = @@character_set_client */;
/*!50503 SET character_set_client = utf8mb4 */;
CREATE TABLE `tracks` (
  `track-name` varchar(45) NOT NULL,
  `creator` varchar(45) CHARACTER SET utf8 COLLATE utf8_unicode_ci NOT NULL,
  `ninja-level` decimal(3,2) DEFAULT NULL,
  `length` decimal(3,2) DEFAULT NULL,
  `average-faults` decimal(5,2) DEFAULT NULL,
  `consistency` decimal(3,2) DEFAULT NULL,
  `rating` decimal(2,1) DEFAULT NULL,
  `nRuns` int NOT NULL DEFAULT '0',
  `total-rating` decimal(10,2) NOT NULL DEFAULT '0.00',
  `total-consistency` decimal(10,2) NOT NULL DEFAULT '0.00',
  `total-length` decimal(10,2) NOT NULL DEFAULT '0.00',
  `total-faults` int NOT NULL DEFAULT '0',
  `total-ninja-level` decimal(10,2) NOT NULL DEFAULT '0.00',
  `average-np` float(7,2) NOT NULL DEFAULT '0.00',
  `total-np` float(10,2) NOT NULL DEFAULT '0.00',
  PRIMARY KEY (`track-name`,`creator`)
) ENGINE=InnoDB DEFAULT CHARSET=utf8mb4 COLLATE=utf8mb4_0900_ai_ci;
/*!40101 SET character_set_client = @saved_cs_client */;

--
-- Dumping data for table `tracks`
--

LOCK TABLES `tracks` WRITE;
/*!40000 ALTER TABLE `tracks` DISABLE KEYS */;
INSERT INTO `tracks` VALUES ('afadfadf','wefwefwef',5.00,1.40,123.00,1.60,3.0,1,3.00,1.60,1.40,123,5.00,405.89,405.89),('Annihilation','Qkoosy',7.30,1.75,67.00,1.20,5.0,1,5.00,1.20,1.75,67,7.30,839.07,839.07),('Apostle','Qkoosy',6.00,1.40,100.00,1.60,5.0,1,5.00,1.60,1.40,100,6.00,710.21,710.21),('asdas','asdd',6.00,1.40,100.00,2.00,3.0,1,3.00,2.00,1.40,100,6.00,887.76,887.76),('asdas','dasdasd',0.00,0.00,0.00,0.00,3.0,1,3.00,0.00,0.00,0,0.00,0.00,0.00),('Dark Sabotage','Qkoosy',7.30,1.40,87.00,1.20,5.0,1,5.00,1.20,1.40,87,7.30,521.37,521.37),('Erebus','matthew_wayne',8.30,1.75,70.00,1.60,4.0,1,4.00,1.60,1.75,70,8.30,1162.54,1162.54),('Flabbergasted','Cavemandave247',8.00,1.75,35.00,1.60,4.0,1,4.00,1.60,1.75,35,8.00,1467.37,1467.37),('Fuji','Skilbo_Baggins',7.00,1.40,19.00,1.20,5.0,1,5.00,1.20,1.40,19,7.00,860.93,860.93),('Infinity','Cavemandave247',8.00,1.75,53.00,0.90,5.0,1,5.00,0.90,1.75,53,8.00,607.55,607.55),('looloo','llollo',4.40,1.40,141.00,1.60,3.0,1,3.00,1.60,1.40,141,4.40,304.12,304.12),('Luscious','Classyfication',7.10,1.40,18.00,1.20,5.0,1,5.00,1.20,1.40,18,7.10,883.49,883.49),('Madoka','QKoosy',6.00,1.40,0.00,1.60,5.0,1,10.00,1.60,1.40,0,6.00,1056.73,1056.73),('Malicious','Qkoosy',7.20,1.40,26.00,1.20,5.0,1,5.00,1.20,1.40,26,7.20,856.16,856.16),('maoaomooo','kaooakooo',5.60,1.40,123.00,2.30,3.0,1,3.00,2.30,1.40,123,5.60,731.90,731.90),('maoomooo','kaookooo',5.60,1.40,123.00,2.30,3.0,1,3.00,2.30,1.40,123,5.60,731.90,731.90),('moomoo','kookoo',5.60,1.40,123.00,2.30,3.0,1,3.00,2.30,1.40,123,5.60,731.90,731.90),('moomooo','kookooo',5.60,1.40,123.00,2.30,3.0,1,3.00,2.30,1.40,123,5.60,731.90,731.90),('omjowefmo','omwoefmo',3.70,1.40,123.00,2.30,3.0,1,3.00,2.30,1.40,123,3.70,319.50,319.50),('plaspl','apsldp',2.50,1.40,123.00,2.00,4.0,1,4.00,2.00,1.40,123,2.50,126.84,126.84),('qfqwf','qwfqwf',5.60,1.40,123.00,2.30,3.0,1,3.00,2.30,1.40,123,5.60,731.90,731.90),('qfqwfd','qwfqwfd',5.60,1.40,123.00,2.30,3.0,1,3.00,2.30,1.40,123,5.60,731.90,731.90),('qwdfqwdpl','qwedfplp123',3.60,1.40,123.00,2.00,4.0,1,4.00,2.00,1.40,123,3.60,221.10,221.10),('qwdfqwdpld','qwedfplp123d',3.60,1.40,123.00,2.00,4.0,1,4.00,2.00,1.40,123,3.60,221.10,221.10),('qwdqwd','qwdqwd',3.40,1.40,123.00,2.00,4.0,1,4.00,2.00,1.40,123,3.40,234.60,234.60),('qwdqwdewv','qwdqwdvwe',3.40,1.40,123.00,2.00,4.0,1,4.00,2.00,1.40,123,3.40,234.60,234.60),('Sabotage','Slikscythez',7.00,1.40,64.00,1.60,5.0,1,5.00,1.60,1.40,64,7.00,825.57,825.57),('saefsgfwsef','wefwef',4.40,1.75,123.00,2.30,3.0,1,3.00,2.30,1.75,123,4.40,564.79,564.79),('The 7 Titans','Slikscythez',5.20,1.40,0.00,2.00,5.0,1,5.00,2.00,1.40,0,5.20,1002.33,1002.33),('Vicious','Slikscythez',8.00,1.40,98.00,1.20,5.0,1,5.00,1.20,1.40,98,8.00,640.93,640.93),('Vicit','Danimalls',7.60,1.75,223.00,1.60,4.0,1,4.00,1.60,1.75,223,7.60,746.68,746.68),('vqwdv','wvqwdq',4.30,1.10,123.00,2.00,3.0,1,3.00,2.00,1.10,123,4.30,294.83,294.83),('wergwegwe','gwegwe2',3.90,1.75,342.00,2.30,4.0,1,4.00,2.30,1.75,342,3.90,283.18,283.18),('Within','ZZZZZZach',7.00,1.40,87.50,1.05,5.0,2,10.00,2.10,2.80,175,14.00,489.03,978.06);
/*!40000 ALTER TABLE `tracks` ENABLE KEYS */;
UNLOCK TABLES;

--
-- Table structure for table `trackshistory`
--

DROP TABLE IF EXISTS `trackshistory`;
/*!40101 SET @saved_cs_client     = @@character_set_client */;
/*!50503 SET character_set_client = utf8mb4 */;
CREATE TABLE `trackshistory` (
  `track-name` varchar(45) NOT NULL,
  `creator` varchar(45) CHARACTER SET utf8 COLLATE utf8_unicode_ci NOT NULL,
  `ninja-level` decimal(3,2) DEFAULT NULL,
  `length` decimal(3,2) DEFAULT NULL,
  `average-faults` decimal(5,2) DEFAULT NULL,
  `consistency` decimal(3,2) DEFAULT NULL,
  `rating` decimal(2,1) DEFAULT NULL,
  `nRuns` int NOT NULL DEFAULT '0',
  `total-rating` decimal(10,2) NOT NULL DEFAULT '0.00',
  `total-consistency` decimal(10,2) NOT NULL DEFAULT '0.00',
  `total-length` decimal(10,2) NOT NULL DEFAULT '0.00',
  `total-faults` int NOT NULL DEFAULT '0',
  `total-ninja-level` decimal(10,2) NOT NULL DEFAULT '0.00',
  `average-np` float(7,2) NOT NULL DEFAULT '0.00',
  `total-np` float(10,2) NOT NULL DEFAULT '0.00',
  `history-dates` datetime NOT NULL DEFAULT CURRENT_TIMESTAMP,
  `index` int NOT NULL AUTO_INCREMENT,
  PRIMARY KEY (`index`)
) ENGINE=InnoDB AUTO_INCREMENT=8972 DEFAULT CHARSET=utf8mb4 COLLATE=utf8mb4_0900_ai_ci;
/*!40101 SET character_set_client = @saved_cs_client */;

--
-- Dumping data for table `trackshistory`
--

LOCK TABLES `trackshistory` WRITE;
/*!40000 ALTER TABLE `trackshistory` DISABLE KEYS */;
INSERT INTO `trackshistory` VALUES ('afadfadf','wefwefwef',5.00,1.75,123.00,1.60,3.0,1,3.00,1.60,1.75,123,5.00,0.00,0.00,'2022-02-10 08:00:00',8621),('Annihilation','Qkoosy',7.30,1.75,67.00,1.20,5.0,1,5.00,1.20,1.75,67,7.30,0.00,0.00,'2022-02-10 08:00:00',8622),('Apostle','Qkoosy',6.10,1.40,0.00,1.60,5.0,1,5.00,1.60,1.40,0,6.10,0.00,0.00,'2022-02-10 08:00:00',8623),('asdas','asdd',4.30,1.75,123.00,1.20,3.0,1,3.00,1.20,1.75,123,4.30,0.00,0.00,'2022-02-10 08:00:00',8624),('asdas','dasdasd',3.00,1.75,123.00,1.20,3.0,1,3.00,1.20,1.75,123,3.00,0.00,0.00,'2022-02-10 08:00:00',8625),('Dark Sabotage','Qkoosy',7.30,1.40,87.00,1.20,5.0,1,5.00,1.20,1.40,87,7.30,0.00,0.00,'2022-02-10 08:00:00',8626),('Erebus','matthew_wayne',8.30,1.40,70.00,1.60,4.0,1,4.00,1.60,1.40,70,8.30,0.00,0.00,'2022-02-10 08:00:00',8627),('Flabbergasted','Cavemandave247',8.00,1.75,35.00,1.60,4.0,1,4.00,1.60,1.75,35,8.00,0.00,0.00,'2022-02-10 08:00:00',8628),('Fuji','Skilbo_Baggins',7.00,1.40,19.00,1.20,5.0,1,5.00,1.20,1.40,19,7.00,0.00,0.00,'2022-02-10 08:00:00',8629),('Infinity','Cavemandave247',8.00,1.75,53.00,0.90,5.0,1,5.00,0.90,1.75,53,8.00,0.00,0.00,'2022-02-10 08:00:00',8630),('Luscious','Classyfication',7.10,1.40,18.00,1.20,5.0,1,5.00,1.20,1.40,18,7.10,0.00,0.00,'2022-02-10 08:00:00',8631),('Madoka','QKoosy',6.00,1.40,0.00,1.60,5.0,1,10.00,1.60,1.75,0,12.00,0.00,0.00,'2022-02-10 08:00:00',8632),('Malicious','Qkoosy',7.20,1.40,26.00,1.20,5.0,1,5.00,1.20,1.40,26,7.20,0.00,0.00,'2022-02-10 08:00:00',8633),('omjowefmo','omwoefmo',3.70,1.75,123.00,0.90,3.0,1,3.00,0.90,1.75,123,3.70,0.00,0.00,'2022-02-10 08:00:00',8634),('qwdqwd','qwdqwd',3.40,1.75,123.00,1.20,4.0,1,4.00,1.20,1.75,123,3.40,0.00,0.00,'2022-02-10 08:00:00',8635),('qwdqwdewv','qwdqwdvwe',3.40,1.75,123.00,1.20,4.0,1,4.00,1.20,1.75,123,3.40,0.00,0.00,'2022-02-10 08:00:00',8636),('Sabotage','Slikscythez',7.00,1.40,64.00,1.60,5.0,1,5.00,1.60,1.40,64,7.00,0.00,0.00,'2022-02-10 08:00:00',8637),('saefsgfwsef','wefwef',4.40,1.40,123.00,0.90,3.0,1,3.00,0.90,1.40,123,4.40,0.00,0.00,'2022-02-10 08:00:00',8638),('The 7 Titans','Slikscythez',5.20,1.40,0.00,2.00,5.0,1,5.00,2.00,1.40,0,5.20,0.00,0.00,'2022-02-10 08:00:00',8639),('Vicious','Slikscythez',8.00,1.40,98.00,1.20,5.0,1,5.00,1.20,1.40,98,8.00,0.00,0.00,'2022-02-10 08:00:00',8640),('Vicit','Danimalls',7.60,1.75,223.00,1.60,4.0,1,4.00,1.60,1.75,223,7.60,0.00,0.00,'2022-02-10 08:00:00',8641),('vqwdv','wvqwdq',4.30,1.75,123.00,1.20,3.0,1,3.00,1.20,1.75,123,4.30,0.00,0.00,'2022-02-10 08:00:00',8642),('Within','ZZZZZZach',7.00,1.40,87.50,2.15,5.0,2,10.00,4.30,2.80,175,14.00,0.00,0.00,'2022-02-10 08:00:00',8643),('afadfadf','wefwefwef',5.00,1.75,123.00,1.60,3.0,1,3.00,1.60,1.75,123,5.00,0.00,0.00,'2022-02-11 08:00:06',8644),('Annihilation','Qkoosy',7.30,1.75,67.00,1.20,5.0,1,5.00,1.20,1.75,67,7.30,0.00,0.00,'2022-02-11 08:00:06',8645),('Apostle','Qkoosy',6.10,1.40,0.00,1.60,5.0,1,5.00,1.60,1.40,0,6.10,0.00,0.00,'2022-02-11 08:00:06',8646),('asdas','asdd',4.30,1.75,123.00,1.20,3.0,1,3.00,1.20,1.75,123,4.30,0.00,0.00,'2022-02-11 08:00:06',8647),('asdas','dasdasd',3.00,1.75,123.00,1.20,3.0,1,3.00,1.20,1.75,123,3.00,0.00,0.00,'2022-02-11 08:00:06',8648),('Dark Sabotage','Qkoosy',7.30,1.40,87.00,1.20,5.0,1,5.00,1.20,1.40,87,7.30,0.00,0.00,'2022-02-11 08:00:06',8649),('Erebus','matthew_wayne',8.30,1.40,70.00,1.60,4.0,1,4.00,1.60,1.40,70,8.30,0.00,0.00,'2022-02-11 08:00:06',8650),('Flabbergasted','Cavemandave247',8.00,1.75,35.00,1.60,4.0,1,4.00,1.60,1.75,35,8.00,0.00,0.00,'2022-02-11 08:00:06',8651),('Fuji','Skilbo_Baggins',7.00,1.40,19.00,1.20,5.0,1,5.00,1.20,1.40,19,7.00,0.00,0.00,'2022-02-11 08:00:06',8652),('Infinity','Cavemandave247',8.00,1.75,53.00,0.90,5.0,1,5.00,0.90,1.75,53,8.00,0.00,0.00,'2022-02-11 08:00:06',8653),('Luscious','Classyfication',7.10,1.40,18.00,1.20,5.0,1,5.00,1.20,1.40,18,7.10,0.00,0.00,'2022-02-11 08:00:06',8654),('Madoka','QKoosy',6.00,1.40,0.00,1.60,5.0,1,10.00,1.60,1.75,0,12.00,0.00,0.00,'2022-02-11 08:00:06',8655),('Malicious','Qkoosy',7.20,1.40,26.00,1.20,5.0,1,5.00,1.20,1.40,26,7.20,0.00,0.00,'2022-02-11 08:00:06',8656),('omjowefmo','omwoefmo',3.70,1.75,123.00,0.90,3.0,1,3.00,0.90,1.75,123,3.70,0.00,0.00,'2022-02-11 08:00:06',8657),('qwdqwd','qwdqwd',3.40,1.75,123.00,1.20,4.0,1,4.00,1.20,1.75,123,3.40,0.00,0.00,'2022-02-11 08:00:06',8658),('qwdqwdewv','qwdqwdvwe',3.40,1.75,123.00,1.20,4.0,1,4.00,1.20,1.75,123,3.40,0.00,0.00,'2022-02-11 08:00:06',8659),('Sabotage','Slikscythez',7.00,1.40,64.00,1.60,5.0,1,5.00,1.60,1.40,64,7.00,0.00,0.00,'2022-02-11 08:00:06',8660),('saefsgfwsef','wefwef',4.40,1.40,123.00,0.90,3.0,1,3.00,0.90,1.40,123,4.40,0.00,0.00,'2022-02-11 08:00:06',8661),('The 7 Titans','Slikscythez',5.20,1.40,0.00,2.00,5.0,1,5.00,2.00,1.40,0,5.20,0.00,0.00,'2022-02-11 08:00:06',8662),('Vicious','Slikscythez',8.00,1.40,98.00,1.20,5.0,1,5.00,1.20,1.40,98,8.00,0.00,0.00,'2022-02-11 08:00:06',8663),('Vicit','Danimalls',7.60,1.75,223.00,1.60,4.0,1,4.00,1.60,1.75,223,7.60,0.00,0.00,'2022-02-11 08:00:06',8664),('vqwdv','wvqwdq',4.30,1.75,123.00,1.20,3.0,1,3.00,1.20,1.75,123,4.30,0.00,0.00,'2022-02-11 08:00:06',8665),('Within','ZZZZZZach',7.00,1.40,87.50,2.15,5.0,2,10.00,4.30,2.80,175,14.00,0.00,0.00,'2022-02-11 08:00:06',8666),('afadfadf','wefwefwef',5.00,1.75,123.00,1.60,3.0,1,3.00,1.60,1.75,123,5.00,0.00,0.00,'2022-02-12 08:00:10',8667),('Annihilation','Qkoosy',7.30,1.75,67.00,1.20,5.0,1,5.00,1.20,1.75,67,7.30,0.00,0.00,'2022-02-12 08:00:10',8668),('Apostle','Qkoosy',6.10,1.40,0.00,1.60,5.0,1,5.00,1.60,1.40,0,6.10,0.00,0.00,'2022-02-12 08:00:10',8669),('asdas','asdd',4.30,1.75,123.00,1.20,3.0,1,3.00,1.20,1.75,123,4.30,0.00,0.00,'2022-02-12 08:00:10',8670),('asdas','dasdasd',3.00,1.75,123.00,1.20,3.0,1,3.00,1.20,1.75,123,3.00,0.00,0.00,'2022-02-12 08:00:10',8671),('Dark Sabotage','Qkoosy',7.30,1.40,87.00,1.20,5.0,1,5.00,1.20,1.40,87,7.30,0.00,0.00,'2022-02-12 08:00:10',8672),('Erebus','matthew_wayne',8.30,1.40,70.00,1.60,4.0,1,4.00,1.60,1.40,70,8.30,0.00,0.00,'2022-02-12 08:00:10',8673),('Flabbergasted','Cavemandave247',8.00,1.75,35.00,1.60,4.0,1,4.00,1.60,1.75,35,8.00,0.00,0.00,'2022-02-12 08:00:10',8674),('Fuji','Skilbo_Baggins',7.00,1.40,19.00,1.20,5.0,1,5.00,1.20,1.40,19,7.00,0.00,0.00,'2022-02-12 08:00:10',8675),('Infinity','Cavemandave247',8.00,1.75,53.00,0.90,5.0,1,5.00,0.90,1.75,53,8.00,0.00,0.00,'2022-02-12 08:00:10',8676),('Luscious','Classyfication',7.10,1.40,18.00,1.20,5.0,1,5.00,1.20,1.40,18,7.10,0.00,0.00,'2022-02-12 08:00:10',8677),('Madoka','QKoosy',6.00,1.40,0.00,1.60,5.0,1,10.00,1.60,1.75,0,12.00,0.00,0.00,'2022-02-12 08:00:10',8678),('Malicious','Qkoosy',7.20,1.40,26.00,1.20,5.0,1,5.00,1.20,1.40,26,7.20,0.00,0.00,'2022-02-12 08:00:10',8679),('omjowefmo','omwoefmo',3.70,1.75,123.00,0.90,3.0,1,3.00,0.90,1.75,123,3.70,0.00,0.00,'2022-02-12 08:00:10',8680),('qwdqwd','qwdqwd',3.40,1.75,123.00,1.20,4.0,1,4.00,1.20,1.75,123,3.40,0.00,0.00,'2022-02-12 08:00:10',8681),('qwdqwdewv','qwdqwdvwe',3.40,1.75,123.00,1.20,4.0,1,4.00,1.20,1.75,123,3.40,0.00,0.00,'2022-02-12 08:00:10',8682),('Sabotage','Slikscythez',7.00,1.40,64.00,1.60,5.0,1,5.00,1.60,1.40,64,7.00,0.00,0.00,'2022-02-12 08:00:10',8683),('saefsgfwsef','wefwef',4.40,1.40,123.00,0.90,3.0,1,3.00,0.90,1.40,123,4.40,0.00,0.00,'2022-02-12 08:00:10',8684),('The 7 Titans','Slikscythez',5.20,1.40,0.00,2.00,5.0,1,5.00,2.00,1.40,0,5.20,0.00,0.00,'2022-02-12 08:00:10',8685),('Vicious','Slikscythez',8.00,1.40,98.00,1.20,5.0,1,5.00,1.20,1.40,98,8.00,0.00,0.00,'2022-02-12 08:00:10',8686),('Vicit','Danimalls',7.60,1.75,223.00,1.60,4.0,1,4.00,1.60,1.75,223,7.60,0.00,0.00,'2022-02-12 08:00:10',8687),('vqwdv','wvqwdq',4.30,1.75,123.00,1.20,3.0,1,3.00,1.20,1.75,123,4.30,0.00,0.00,'2022-02-12 08:00:10',8688),('Within','ZZZZZZach',7.00,1.40,87.50,2.15,5.0,2,10.00,4.30,2.80,175,14.00,0.00,0.00,'2022-02-12 08:00:10',8689),('afadfadf','wefwefwef',5.00,1.75,123.00,1.60,3.0,1,3.00,1.60,1.75,123,5.00,0.00,0.00,'2022-02-14 08:00:00',8690),('Annihilation','Qkoosy',7.30,1.75,67.00,1.20,5.0,1,5.00,1.20,1.75,67,7.30,0.00,0.00,'2022-02-14 08:00:00',8691),('Apostle','Qkoosy',6.10,1.40,0.00,1.60,5.0,1,5.00,1.60,1.40,0,6.10,0.00,0.00,'2022-02-14 08:00:00',8692),('asdas','asdd',4.30,1.75,123.00,1.20,3.0,1,3.00,1.20,1.75,123,4.30,0.00,0.00,'2022-02-14 08:00:00',8693),('asdas','dasdasd',3.00,1.75,123.00,1.20,3.0,1,3.00,1.20,1.75,123,3.00,0.00,0.00,'2022-02-14 08:00:00',8694),('Dark Sabotage','Qkoosy',7.30,1.40,87.00,1.20,5.0,1,5.00,1.20,1.40,87,7.30,0.00,0.00,'2022-02-14 08:00:00',8695),('Erebus','matthew_wayne',8.30,1.40,70.00,1.60,4.0,1,4.00,1.60,1.40,70,8.30,0.00,0.00,'2022-02-14 08:00:00',8696),('Flabbergasted','Cavemandave247',8.00,1.75,35.00,1.60,4.0,1,4.00,1.60,1.75,35,8.00,0.00,0.00,'2022-02-14 08:00:00',8697),('Fuji','Skilbo_Baggins',7.00,1.40,19.00,1.20,5.0,1,5.00,1.20,1.40,19,7.00,0.00,0.00,'2022-02-14 08:00:00',8698),('Infinity','Cavemandave247',8.00,1.75,53.00,0.90,5.0,1,5.00,0.90,1.75,53,8.00,0.00,0.00,'2022-02-14 08:00:00',8699),('Luscious','Classyfication',7.10,1.40,18.00,1.20,5.0,1,5.00,1.20,1.40,18,7.10,0.00,0.00,'2022-02-14 08:00:00',8700),('Madoka','QKoosy',6.00,1.40,0.00,1.60,5.0,1,10.00,1.60,1.75,0,12.00,0.00,0.00,'2022-02-14 08:00:00',8701),('Malicious','Qkoosy',7.20,1.40,26.00,1.20,5.0,1,5.00,1.20,1.40,26,7.20,0.00,0.00,'2022-02-14 08:00:00',8702),('omjowefmo','omwoefmo',3.70,1.75,123.00,0.90,3.0,1,3.00,0.90,1.75,123,3.70,0.00,0.00,'2022-02-14 08:00:00',8703),('qwdqwd','qwdqwd',3.40,1.75,123.00,1.20,4.0,1,4.00,1.20,1.75,123,3.40,0.00,0.00,'2022-02-14 08:00:00',8704),('qwdqwdewv','qwdqwdvwe',3.40,1.75,123.00,1.20,4.0,1,4.00,1.20,1.75,123,3.40,0.00,0.00,'2022-02-14 08:00:00',8705),('Sabotage','Slikscythez',7.00,1.40,64.00,1.60,5.0,1,5.00,1.60,1.40,64,7.00,0.00,0.00,'2022-02-14 08:00:00',8706),('saefsgfwsef','wefwef',4.40,1.40,123.00,0.90,3.0,1,3.00,0.90,1.40,123,4.40,0.00,0.00,'2022-02-14 08:00:00',8707),('The 7 Titans','Slikscythez',5.20,1.40,0.00,2.00,5.0,1,5.00,2.00,1.40,0,5.20,0.00,0.00,'2022-02-14 08:00:00',8708),('Vicious','Slikscythez',8.00,1.40,98.00,1.20,5.0,1,5.00,1.20,1.40,98,8.00,0.00,0.00,'2022-02-14 08:00:00',8709),('Vicit','Danimalls',7.60,1.75,223.00,1.60,4.0,1,4.00,1.60,1.75,223,7.60,0.00,0.00,'2022-02-14 08:00:00',8710),('vqwdv','wvqwdq',4.30,1.75,123.00,1.20,3.0,1,3.00,1.20,1.75,123,4.30,0.00,0.00,'2022-02-14 08:00:00',8711),('Within','ZZZZZZach',7.00,1.40,87.50,2.15,5.0,2,10.00,4.30,2.80,175,14.00,0.00,0.00,'2022-02-14 08:00:00',8712),('afadfadf','wefwefwef',5.00,1.75,123.00,1.60,3.0,1,3.00,1.60,1.75,123,5.00,0.00,0.00,'2022-02-17 08:00:00',8713),('Annihilation','Qkoosy',7.30,1.75,67.00,1.20,5.0,1,5.00,1.20,1.75,67,7.30,0.00,0.00,'2022-02-17 08:00:00',8714),('Apostle','Qkoosy',6.10,1.40,0.00,1.60,5.0,1,5.00,1.60,1.40,0,6.10,0.00,0.00,'2022-02-17 08:00:00',8715),('asdas','asdd',4.30,1.75,123.00,1.20,3.0,1,3.00,1.20,1.75,123,4.30,0.00,0.00,'2022-02-17 08:00:00',8716),('asdas','dasdasd',3.00,1.75,123.00,1.20,3.0,1,3.00,1.20,1.75,123,3.00,0.00,0.00,'2022-02-17 08:00:00',8717),('Dark Sabotage','Qkoosy',7.30,1.40,87.00,1.20,5.0,1,5.00,1.20,1.40,87,7.30,0.00,0.00,'2022-02-17 08:00:00',8718),('Erebus','matthew_wayne',8.30,1.40,70.00,1.60,4.0,1,4.00,1.60,1.40,70,8.30,0.00,0.00,'2022-02-17 08:00:00',8719),('Flabbergasted','Cavemandave247',8.00,1.75,35.00,1.60,4.0,1,4.00,1.60,1.75,35,8.00,0.00,0.00,'2022-02-17 08:00:00',8720),('Fuji','Skilbo_Baggins',7.00,1.40,19.00,1.20,5.0,1,5.00,1.20,1.40,19,7.00,0.00,0.00,'2022-02-17 08:00:00',8721),('Infinity','Cavemandave247',8.00,1.75,53.00,0.90,5.0,1,5.00,0.90,1.75,53,8.00,0.00,0.00,'2022-02-17 08:00:00',8722),('Luscious','Classyfication',7.10,1.40,18.00,1.20,5.0,1,5.00,1.20,1.40,18,7.10,0.00,0.00,'2022-02-17 08:00:00',8723),('Madoka','QKoosy',6.00,1.40,0.00,1.60,5.0,1,10.00,1.60,1.75,0,12.00,0.00,0.00,'2022-02-17 08:00:00',8724),('Malicious','Qkoosy',7.20,1.40,26.00,1.20,5.0,1,5.00,1.20,1.40,26,7.20,0.00,0.00,'2022-02-17 08:00:00',8725),('omjowefmo','omwoefmo',3.70,1.75,123.00,0.90,3.0,1,3.00,0.90,1.75,123,3.70,0.00,0.00,'2022-02-17 08:00:00',8726),('qwdqwd','qwdqwd',3.40,1.75,123.00,1.20,4.0,1,4.00,1.20,1.75,123,3.40,0.00,0.00,'2022-02-17 08:00:00',8727),('qwdqwdewv','qwdqwdvwe',3.40,1.75,123.00,1.20,4.0,1,4.00,1.20,1.75,123,3.40,0.00,0.00,'2022-02-17 08:00:00',8728),('Sabotage','Slikscythez',7.00,1.40,64.00,1.60,5.0,1,5.00,1.60,1.40,64,7.00,0.00,0.00,'2022-02-17 08:00:00',8729),('saefsgfwsef','wefwef',4.40,1.40,123.00,0.90,3.0,1,3.00,0.90,1.40,123,4.40,0.00,0.00,'2022-02-17 08:00:00',8730),('The 7 Titans','Slikscythez',5.20,1.40,0.00,2.00,5.0,1,5.00,2.00,1.40,0,5.20,0.00,0.00,'2022-02-17 08:00:00',8731),('Vicious','Slikscythez',8.00,1.40,98.00,1.20,5.0,1,5.00,1.20,1.40,98,8.00,0.00,0.00,'2022-02-17 08:00:00',8732),('Vicit','Danimalls',7.60,1.75,223.00,1.60,4.0,1,4.00,1.60,1.75,223,7.60,0.00,0.00,'2022-02-17 08:00:00',8733),('vqwdv','wvqwdq',4.30,1.75,123.00,1.20,3.0,1,3.00,1.20,1.75,123,4.30,0.00,0.00,'2022-02-17 08:00:00',8734),('Within','ZZZZZZach',7.00,1.40,87.50,2.15,5.0,2,10.00,4.30,2.80,175,14.00,0.00,0.00,'2022-02-17 08:00:00',8735),('afadfadf','wefwefwef',5.00,1.75,123.00,1.60,3.0,1,3.00,1.60,1.75,123,5.00,0.00,0.00,'2022-02-22 08:00:00',8736),('Annihilation','Qkoosy',7.30,1.75,67.00,1.20,5.0,1,5.00,1.20,1.75,67,7.30,0.00,0.00,'2022-02-22 08:00:00',8737),('Apostle','Qkoosy',6.10,1.40,0.00,1.60,5.0,1,5.00,1.60,1.40,0,6.10,0.00,0.00,'2022-02-22 08:00:00',8738),('asdas','asdd',4.30,1.75,123.00,1.20,3.0,1,3.00,1.20,1.75,123,4.30,0.00,0.00,'2022-02-22 08:00:00',8739),('asdas','dasdasd',3.00,1.75,123.00,1.20,3.0,1,3.00,1.20,1.75,123,3.00,0.00,0.00,'2022-02-22 08:00:00',8740),('Dark Sabotage','Qkoosy',7.30,1.40,87.00,1.20,5.0,1,5.00,1.20,1.40,87,7.30,0.00,0.00,'2022-02-22 08:00:00',8741),('Erebus','matthew_wayne',8.30,1.40,70.00,1.60,4.0,1,4.00,1.60,1.40,70,8.30,0.00,0.00,'2022-02-22 08:00:00',8742),('Flabbergasted','Cavemandave247',8.00,1.75,35.00,1.60,4.0,1,4.00,1.60,1.75,35,8.00,0.00,0.00,'2022-02-22 08:00:00',8743),('Fuji','Skilbo_Baggins',7.00,1.40,19.00,1.20,5.0,1,5.00,1.20,1.40,19,7.00,0.00,0.00,'2022-02-22 08:00:00',8744),('Infinity','Cavemandave247',8.00,1.75,53.00,0.90,5.0,1,5.00,0.90,1.75,53,8.00,0.00,0.00,'2022-02-22 08:00:00',8745),('looloo','llollo',4.40,1.75,141.00,1.60,3.0,1,3.00,1.60,1.75,141,4.40,304.12,304.12,'2022-02-22 08:00:00',8746),('Luscious','Classyfication',7.10,1.40,18.00,1.20,5.0,1,5.00,1.20,1.40,18,7.10,0.00,0.00,'2022-02-22 08:00:00',8747),('Madoka','QKoosy',6.00,1.40,0.00,1.60,5.0,1,10.00,1.60,1.75,0,12.00,0.00,0.00,'2022-02-22 08:00:00',8748),('Malicious','Qkoosy',7.20,1.40,26.00,1.20,5.0,1,5.00,1.20,1.40,26,7.20,0.00,0.00,'2022-02-22 08:00:00',8749),('maoaomooo','kaooakooo',5.60,1.75,123.00,0.90,3.0,1,3.00,0.90,1.75,123,5.60,0.00,286.39,'2022-02-22 08:00:00',8750),('maoomooo','kaookooo',5.60,1.75,123.00,0.90,3.0,1,3.00,0.90,1.75,123,5.60,0.00,286.39,'2022-02-22 08:00:00',8751),('moomoo','kookoo',5.60,1.75,123.00,0.90,3.0,1,3.00,0.90,1.75,123,5.60,0.00,0.00,'2022-02-22 08:00:00',8752),('moomooo','kookooo',5.60,1.75,123.00,0.90,3.0,1,3.00,0.90,1.75,123,5.60,0.00,0.00,'2022-02-22 08:00:00',8753),('omjowefmo','omwoefmo',3.70,1.75,123.00,0.90,3.0,1,3.00,0.90,1.75,123,3.70,0.00,0.00,'2022-02-22 08:00:00',8754),('plaspl','apsldp',2.50,1.75,123.00,1.20,4.0,1,4.00,1.20,1.75,123,2.50,0.00,0.00,'2022-02-22 08:00:00',8755),('qfqwf','qwfqwf',5.60,1.75,123.00,0.90,3.0,1,3.00,0.90,1.75,123,5.60,0.00,286.39,'2022-02-22 08:00:00',8756),('qfqwfd','qwfqwfd',5.60,1.75,123.00,0.90,3.0,1,3.00,0.90,1.75,123,5.60,0.00,286.39,'2022-02-22 08:00:00',8757),('qwdfqwdpl','qwedfplp123',3.60,1.75,123.00,1.20,4.0,1,4.00,1.20,1.75,123,3.60,0.00,0.00,'2022-02-22 08:00:00',8758),('qwdfqwdpld','qwedfplp123d',3.60,1.75,123.00,1.20,4.0,1,4.00,1.20,1.75,123,3.60,0.00,0.00,'2022-02-22 08:00:00',8759),('qwdqwd','qwdqwd',3.40,1.75,123.00,1.20,4.0,1,4.00,1.20,1.75,123,3.40,0.00,0.00,'2022-02-22 08:00:00',8760),('qwdqwdewv','qwdqwdvwe',3.40,1.75,123.00,1.20,4.0,1,4.00,1.20,1.75,123,3.40,0.00,0.00,'2022-02-22 08:00:00',8761),('Sabotage','Slikscythez',7.00,1.40,64.00,1.60,5.0,1,5.00,1.60,1.40,64,7.00,0.00,0.00,'2022-02-22 08:00:00',8762),('saefsgfwsef','wefwef',4.40,1.40,123.00,0.90,3.0,1,3.00,0.90,1.40,123,4.40,0.00,0.00,'2022-02-22 08:00:00',8763),('The 7 Titans','Slikscythez',5.20,1.40,0.00,2.00,5.0,1,5.00,2.00,1.40,0,5.20,0.00,0.00,'2022-02-22 08:00:00',8764),('Vicious','Slikscythez',8.00,1.40,98.00,1.20,5.0,1,5.00,1.20,1.40,98,8.00,0.00,0.00,'2022-02-22 08:00:00',8765),('Vicit','Danimalls',7.60,1.75,223.00,1.60,4.0,1,4.00,1.60,1.75,223,7.60,0.00,0.00,'2022-02-22 08:00:00',8766),('vqwdv','wvqwdq',4.30,1.10,123.00,1.20,3.0,1,3.00,1.20,1.75,123,4.30,0.00,0.00,'2022-02-22 08:00:00',8767),('Within','ZZZZZZach',7.00,1.40,87.50,2.15,5.0,2,10.00,4.30,2.80,175,14.00,0.00,0.00,'2022-02-22 08:00:00',8768),('afadfadf','wefwefwef',5.00,1.75,123.00,1.60,3.0,1,3.00,1.60,1.75,123,5.00,0.00,0.00,'2022-02-23 08:00:00',8769),('Annihilation','Qkoosy',7.30,1.75,67.00,1.20,5.0,1,5.00,1.20,1.75,67,7.30,0.00,0.00,'2022-02-23 08:00:00',8770),('Apostle','Qkoosy',6.10,1.40,0.00,1.60,5.0,1,5.00,1.60,1.40,0,6.10,0.00,0.00,'2022-02-23 08:00:00',8771),('asdas','asdd',4.30,1.75,123.00,1.20,3.0,1,3.00,1.20,1.75,123,4.30,0.00,0.00,'2022-02-23 08:00:00',8772),('asdas','dasdasd',3.00,1.75,123.00,1.20,3.0,1,3.00,1.20,1.75,123,3.00,0.00,0.00,'2022-02-23 08:00:00',8773),('Dark Sabotage','Qkoosy',7.30,1.40,87.00,1.20,5.0,1,5.00,1.20,1.40,87,7.30,0.00,0.00,'2022-02-23 08:00:00',8774),('Erebus','matthew_wayne',8.30,1.40,70.00,1.60,4.0,1,4.00,1.60,1.40,70,8.30,0.00,0.00,'2022-02-23 08:00:00',8775),('Flabbergasted','Cavemandave247',8.00,1.75,35.00,1.60,4.0,1,4.00,1.60,1.75,35,8.00,0.00,0.00,'2022-02-23 08:00:00',8776),('Fuji','Skilbo_Baggins',7.00,1.40,19.00,1.20,5.0,1,5.00,1.20,1.40,19,7.00,0.00,0.00,'2022-02-23 08:00:00',8777),('Infinity','Cavemandave247',8.00,1.75,53.00,0.90,5.0,1,5.00,0.90,1.75,53,8.00,0.00,0.00,'2022-02-23 08:00:00',8778),('looloo','llollo',4.40,1.75,141.00,1.60,3.0,1,3.00,1.60,1.75,141,4.40,304.12,304.12,'2022-02-23 08:00:00',8779),('Luscious','Classyfication',7.10,1.40,18.00,1.20,5.0,1,5.00,1.20,1.40,18,7.10,0.00,0.00,'2022-02-23 08:00:00',8780),('Madoka','QKoosy',6.00,1.40,0.00,1.60,5.0,1,10.00,1.60,1.75,0,12.00,0.00,0.00,'2022-02-23 08:00:00',8781),('Malicious','Qkoosy',7.20,1.40,26.00,1.20,5.0,1,5.00,1.20,1.40,26,7.20,0.00,0.00,'2022-02-23 08:00:00',8782),('maoaomooo','kaooakooo',5.60,1.75,123.00,0.90,3.0,1,3.00,0.90,1.75,123,5.60,0.00,286.39,'2022-02-23 08:00:00',8783),('maoomooo','kaookooo',5.60,1.75,123.00,0.90,3.0,1,3.00,0.90,1.75,123,5.60,0.00,286.39,'2022-02-23 08:00:00',8784),('moomoo','kookoo',5.60,1.75,123.00,0.90,3.0,1,3.00,0.90,1.75,123,5.60,0.00,0.00,'2022-02-23 08:00:00',8785),('moomooo','kookooo',5.60,1.75,123.00,0.90,3.0,1,3.00,0.90,1.75,123,5.60,0.00,0.00,'2022-02-23 08:00:00',8786),('omjowefmo','omwoefmo',3.70,1.75,123.00,0.90,3.0,1,3.00,0.90,1.75,123,3.70,0.00,0.00,'2022-02-23 08:00:00',8787),('plaspl','apsldp',2.50,1.75,123.00,1.20,4.0,1,4.00,1.20,1.75,123,2.50,0.00,0.00,'2022-02-23 08:00:00',8788),('qfqwf','qwfqwf',5.60,1.75,123.00,0.90,3.0,1,3.00,0.90,1.75,123,5.60,0.00,286.39,'2022-02-23 08:00:00',8789),('qfqwfd','qwfqwfd',5.60,1.75,123.00,0.90,3.0,1,3.00,0.90,1.75,123,5.60,0.00,286.39,'2022-02-23 08:00:00',8790),('qwdfqwdpl','qwedfplp123',3.60,1.75,123.00,1.20,4.0,1,4.00,1.20,1.75,123,3.60,0.00,0.00,'2022-02-23 08:00:00',8791),('qwdfqwdpld','qwedfplp123d',3.60,1.75,123.00,1.20,4.0,1,4.00,1.20,1.75,123,3.60,0.00,0.00,'2022-02-23 08:00:00',8792),('qwdqwd','qwdqwd',3.40,1.75,123.00,1.20,4.0,1,4.00,1.20,1.75,123,3.40,0.00,0.00,'2022-02-23 08:00:00',8793),('qwdqwdewv','qwdqwdvwe',3.40,1.75,123.00,1.20,4.0,1,4.00,1.20,1.75,123,3.40,0.00,0.00,'2022-02-23 08:00:00',8794),('Sabotage','Slikscythez',7.00,1.40,64.00,1.60,5.0,1,5.00,1.60,1.40,64,7.00,0.00,0.00,'2022-02-23 08:00:00',8795),('saefsgfwsef','wefwef',4.40,1.40,123.00,0.90,3.0,1,3.00,0.90,1.40,123,4.40,0.00,0.00,'2022-02-23 08:00:00',8796),('The 7 Titans','Slikscythez',5.20,1.40,0.00,2.00,5.0,1,5.00,2.00,1.40,0,5.20,0.00,0.00,'2022-02-23 08:00:00',8797),('Vicious','Slikscythez',8.00,1.40,98.00,1.20,5.0,1,5.00,1.20,1.40,98,8.00,0.00,0.00,'2022-02-23 08:00:00',8798),('Vicit','Danimalls',7.60,1.75,223.00,1.60,4.0,1,4.00,1.60,1.75,223,7.60,0.00,0.00,'2022-02-23 08:00:00',8799),('vqwdv','wvqwdq',4.30,1.10,123.00,1.20,3.0,1,3.00,1.20,1.75,123,4.30,0.00,0.00,'2022-02-23 08:00:00',8800),('Within','ZZZZZZach',7.00,1.40,87.50,2.15,5.0,2,10.00,4.30,2.80,175,14.00,0.00,0.00,'2022-02-23 08:00:00',8801),('afadfadf','wefwefwef',5.00,1.75,123.00,1.60,3.0,1,3.00,1.60,1.75,123,5.00,0.00,0.00,'2022-02-24 08:00:10',8802),('Annihilation','Qkoosy',7.30,1.75,67.00,1.20,5.0,1,5.00,1.20,1.75,67,7.30,0.00,0.00,'2022-02-24 08:00:10',8803),('Apostle','Qkoosy',6.10,1.40,0.00,1.60,5.0,1,5.00,1.60,1.40,0,6.10,0.00,0.00,'2022-02-24 08:00:10',8804),('asdas','asdd',4.30,1.75,123.00,1.20,3.0,1,3.00,1.20,1.75,123,4.30,0.00,0.00,'2022-02-24 08:00:10',8805),('asdas','dasdasd',3.00,1.75,123.00,1.20,3.0,1,3.00,1.20,1.75,123,3.00,0.00,0.00,'2022-02-24 08:00:10',8806),('Dark Sabotage','Qkoosy',7.30,1.40,87.00,1.20,5.0,1,5.00,1.20,1.40,87,7.30,0.00,0.00,'2022-02-24 08:00:10',8807),('Erebus','matthew_wayne',8.30,1.40,70.00,1.60,4.0,1,4.00,1.60,1.40,70,8.30,0.00,0.00,'2022-02-24 08:00:10',8808),('Flabbergasted','Cavemandave247',8.00,1.75,35.00,1.60,4.0,1,4.00,1.60,1.75,35,8.00,0.00,0.00,'2022-02-24 08:00:10',8809),('Fuji','Skilbo_Baggins',7.00,1.40,19.00,1.20,5.0,1,5.00,1.20,1.40,19,7.00,0.00,0.00,'2022-02-24 08:00:10',8810),('Infinity','Cavemandave247',8.00,1.75,53.00,0.90,5.0,1,5.00,0.90,1.75,53,8.00,0.00,0.00,'2022-02-24 08:00:10',8811),('looloo','llollo',4.40,1.75,141.00,1.60,3.0,1,3.00,1.60,1.75,141,4.40,304.12,304.12,'2022-02-24 08:00:10',8812),('Luscious','Classyfication',7.10,1.40,18.00,1.20,5.0,1,5.00,1.20,1.40,18,7.10,0.00,0.00,'2022-02-24 08:00:10',8813),('Madoka','QKoosy',6.00,1.40,0.00,1.60,5.0,1,10.00,1.60,1.75,0,12.00,0.00,0.00,'2022-02-24 08:00:10',8814),('Malicious','Qkoosy',7.20,1.40,26.00,1.20,5.0,1,5.00,1.20,1.40,26,7.20,0.00,0.00,'2022-02-24 08:00:10',8815),('maoaomooo','kaooakooo',5.60,1.75,123.00,0.90,3.0,1,3.00,0.90,1.75,123,5.60,0.00,286.39,'2022-02-24 08:00:10',8816),('maoomooo','kaookooo',5.60,1.75,123.00,0.90,3.0,1,3.00,0.90,1.75,123,5.60,0.00,286.39,'2022-02-24 08:00:10',8817),('moomoo','kookoo',5.60,1.75,123.00,0.90,3.0,1,3.00,0.90,1.75,123,5.60,0.00,0.00,'2022-02-24 08:00:10',8818),('moomooo','kookooo',5.60,1.75,123.00,0.90,3.0,1,3.00,0.90,1.75,123,5.60,0.00,0.00,'2022-02-24 08:00:10',8819),('omjowefmo','omwoefmo',3.70,1.75,123.00,0.90,3.0,1,3.00,0.90,1.75,123,3.70,0.00,0.00,'2022-02-24 08:00:10',8820),('plaspl','apsldp',2.50,1.75,123.00,1.20,4.0,1,4.00,1.20,1.75,123,2.50,0.00,0.00,'2022-02-24 08:00:10',8821),('qfqwf','qwfqwf',5.60,1.75,123.00,0.90,3.0,1,3.00,0.90,1.75,123,5.60,0.00,286.39,'2022-02-24 08:00:10',8822),('qfqwfd','qwfqwfd',5.60,1.75,123.00,0.90,3.0,1,3.00,0.90,1.75,123,5.60,0.00,286.39,'2022-02-24 08:00:10',8823),('qwdfqwdpl','qwedfplp123',3.60,1.75,123.00,1.20,4.0,1,4.00,1.20,1.75,123,3.60,0.00,0.00,'2022-02-24 08:00:10',8824),('qwdfqwdpld','qwedfplp123d',3.60,1.75,123.00,1.20,4.0,1,4.00,1.20,1.75,123,3.60,0.00,0.00,'2022-02-24 08:00:10',8825),('qwdqwd','qwdqwd',3.40,1.75,123.00,1.20,4.0,1,4.00,1.20,1.75,123,3.40,0.00,0.00,'2022-02-24 08:00:10',8826),('qwdqwdewv','qwdqwdvwe',3.40,1.75,123.00,1.20,4.0,1,4.00,1.20,1.75,123,3.40,0.00,0.00,'2022-02-24 08:00:10',8827),('Sabotage','Slikscythez',7.00,1.40,64.00,1.60,5.0,1,5.00,1.60,1.40,64,7.00,0.00,0.00,'2022-02-24 08:00:10',8828),('saefsgfwsef','wefwef',4.40,1.40,123.00,0.90,3.0,1,3.00,0.90,1.40,123,4.40,0.00,0.00,'2022-02-24 08:00:10',8829),('The 7 Titans','Slikscythez',5.20,1.40,0.00,2.00,5.0,1,5.00,2.00,1.40,0,5.20,0.00,0.00,'2022-02-24 08:00:10',8830),('Vicious','Slikscythez',8.00,1.40,98.00,1.20,5.0,1,5.00,1.20,1.40,98,8.00,0.00,0.00,'2022-02-24 08:00:10',8831),('Vicit','Danimalls',7.60,1.75,223.00,1.60,4.0,1,4.00,1.60,1.75,223,7.60,0.00,0.00,'2022-02-24 08:00:10',8832),('vqwdv','wvqwdq',4.30,1.10,123.00,1.20,3.0,1,3.00,1.20,1.75,123,4.30,0.00,0.00,'2022-02-24 08:00:10',8833),('wergwegwe','gwegwe2',3.90,1.75,342.00,0.90,4.0,1,4.00,0.90,1.75,342,3.90,110.81,110.81,'2022-02-24 08:00:10',8834),('Within','ZZZZZZach',7.00,1.40,87.50,2.15,5.0,2,10.00,4.30,2.80,175,14.00,0.00,0.00,'2022-02-24 08:00:10',8835),('afadfadf','wefwefwef',5.00,1.75,123.00,1.60,3.0,1,3.00,1.60,1.75,123,5.00,0.00,0.00,'2022-02-25 08:00:00',8836),('Annihilation','Qkoosy',7.30,1.75,67.00,1.20,5.0,1,5.00,1.20,1.75,67,7.30,0.00,0.00,'2022-02-25 08:00:00',8837),('Apostle','Qkoosy',6.10,1.40,0.00,1.60,5.0,1,5.00,1.60,1.40,0,6.10,0.00,0.00,'2022-02-25 08:00:00',8838),('asdas','asdd',4.30,1.75,123.00,1.20,3.0,1,3.00,1.20,1.75,123,4.30,0.00,0.00,'2022-02-25 08:00:00',8839),('asdas','dasdasd',3.00,1.75,123.00,1.20,3.0,1,3.00,1.20,1.75,123,3.00,0.00,0.00,'2022-02-25 08:00:00',8840),('Dark Sabotage','Qkoosy',7.30,1.40,87.00,1.20,5.0,1,5.00,1.20,1.40,87,7.30,0.00,0.00,'2022-02-25 08:00:00',8841),('Erebus','matthew_wayne',8.30,1.40,70.00,1.60,4.0,1,4.00,1.60,1.40,70,8.30,0.00,0.00,'2022-02-25 08:00:00',8842),('Flabbergasted','Cavemandave247',8.00,1.75,35.00,1.60,4.0,1,4.00,1.60,1.75,35,8.00,0.00,0.00,'2022-02-25 08:00:00',8843),('Fuji','Skilbo_Baggins',7.00,1.40,19.00,1.20,5.0,1,5.00,1.20,1.40,19,7.00,0.00,0.00,'2022-02-25 08:00:00',8844),('Infinity','Cavemandave247',8.00,1.75,53.00,0.90,5.0,1,5.00,0.90,1.75,53,8.00,0.00,0.00,'2022-02-25 08:00:00',8845),('looloo','llollo',4.40,1.75,141.00,1.60,3.0,1,3.00,1.60,1.75,141,4.40,304.12,304.12,'2022-02-25 08:00:00',8846),('Luscious','Classyfication',7.10,1.40,18.00,1.20,5.0,1,5.00,1.20,1.40,18,7.10,0.00,0.00,'2022-02-25 08:00:00',8847),('Madoka','QKoosy',6.00,1.40,0.00,1.60,5.0,1,10.00,1.60,1.75,0,12.00,0.00,0.00,'2022-02-25 08:00:00',8848),('Malicious','Qkoosy',7.20,1.40,26.00,1.20,5.0,1,5.00,1.20,1.40,26,7.20,0.00,0.00,'2022-02-25 08:00:00',8849),('maoaomooo','kaooakooo',5.60,1.75,123.00,0.90,3.0,1,3.00,0.90,1.75,123,5.60,0.00,286.39,'2022-02-25 08:00:00',8850),('maoomooo','kaookooo',5.60,1.75,123.00,0.90,3.0,1,3.00,0.90,1.75,123,5.60,0.00,286.39,'2022-02-25 08:00:00',8851),('moomoo','kookoo',5.60,1.75,123.00,0.90,3.0,1,3.00,0.90,1.75,123,5.60,0.00,0.00,'2022-02-25 08:00:00',8852),('moomooo','kookooo',5.60,1.75,123.00,0.90,3.0,1,3.00,0.90,1.75,123,5.60,0.00,0.00,'2022-02-25 08:00:00',8853),('omjowefmo','omwoefmo',3.70,1.75,123.00,0.90,3.0,1,3.00,0.90,1.75,123,3.70,0.00,0.00,'2022-02-25 08:00:00',8854),('plaspl','apsldp',2.50,1.75,123.00,1.20,4.0,1,4.00,1.20,1.75,123,2.50,0.00,0.00,'2022-02-25 08:00:00',8855),('qfqwf','qwfqwf',5.60,1.75,123.00,0.90,3.0,1,3.00,0.90,1.75,123,5.60,0.00,286.39,'2022-02-25 08:00:00',8856),('qfqwfd','qwfqwfd',5.60,1.75,123.00,0.90,3.0,1,3.00,0.90,1.75,123,5.60,0.00,286.39,'2022-02-25 08:00:00',8857),('qwdfqwdpl','qwedfplp123',3.60,1.75,123.00,1.20,4.0,1,4.00,1.20,1.75,123,3.60,0.00,0.00,'2022-02-25 08:00:00',8858),('qwdfqwdpld','qwedfplp123d',3.60,1.75,123.00,1.20,4.0,1,4.00,1.20,1.75,123,3.60,0.00,0.00,'2022-02-25 08:00:00',8859),('qwdqwd','qwdqwd',3.40,1.75,123.00,1.20,4.0,1,4.00,1.20,1.75,123,3.40,0.00,0.00,'2022-02-25 08:00:00',8860),('qwdqwdewv','qwdqwdvwe',3.40,1.75,123.00,1.20,4.0,1,4.00,1.20,1.75,123,3.40,0.00,0.00,'2022-02-25 08:00:00',8861),('Sabotage','Slikscythez',7.00,1.40,64.00,1.60,5.0,1,5.00,1.60,1.40,64,7.00,0.00,0.00,'2022-02-25 08:00:00',8862),('saefsgfwsef','wefwef',4.40,1.40,123.00,0.90,3.0,1,3.00,0.90,1.40,123,4.40,0.00,0.00,'2022-02-25 08:00:00',8863),('The 7 Titans','Slikscythez',5.20,1.40,0.00,2.00,5.0,1,5.00,2.00,1.40,0,5.20,0.00,0.00,'2022-02-25 08:00:00',8864),('Vicious','Slikscythez',8.00,1.40,98.00,1.20,5.0,1,5.00,1.20,1.40,98,8.00,0.00,0.00,'2022-02-25 08:00:00',8865),('Vicit','Danimalls',7.60,1.75,223.00,1.60,4.0,1,4.00,1.60,1.75,223,7.60,0.00,0.00,'2022-02-25 08:00:00',8866),('vqwdv','wvqwdq',4.30,1.10,123.00,1.20,3.0,1,3.00,1.20,1.75,123,4.30,0.00,0.00,'2022-02-25 08:00:00',8867),('wergwegwe','gwegwe2',3.90,1.75,342.00,0.90,4.0,1,4.00,0.90,1.75,342,3.90,110.81,110.81,'2022-02-25 08:00:00',8868),('Within','ZZZZZZach',7.00,1.40,87.50,2.15,5.0,2,10.00,4.30,2.80,175,14.00,0.00,0.00,'2022-02-25 08:00:00',8869),('afadfadf','wefwefwef',5.00,1.75,123.00,1.60,3.0,1,3.00,1.60,1.75,123,5.00,0.00,0.00,'2022-02-26 08:00:10',8870),('Annihilation','Qkoosy',7.30,1.75,67.00,1.20,5.0,1,5.00,1.20,1.75,67,7.30,0.00,0.00,'2022-02-26 08:00:10',8871),('Apostle','Qkoosy',6.10,1.40,0.00,1.60,5.0,1,5.00,1.60,1.40,0,6.10,0.00,0.00,'2022-02-26 08:00:10',8872),('asdas','asdd',4.30,1.75,123.00,1.20,3.0,1,3.00,1.20,1.75,123,4.30,0.00,0.00,'2022-02-26 08:00:10',8873),('asdas','dasdasd',3.00,1.75,123.00,1.20,3.0,1,3.00,1.20,1.75,123,3.00,0.00,0.00,'2022-02-26 08:00:10',8874),('Dark Sabotage','Qkoosy',7.30,1.40,87.00,1.20,5.0,1,5.00,1.20,1.40,87,7.30,0.00,0.00,'2022-02-26 08:00:10',8875),('Erebus','matthew_wayne',8.30,1.40,70.00,1.60,4.0,1,4.00,1.60,1.40,70,8.30,0.00,0.00,'2022-02-26 08:00:10',8876),('Flabbergasted','Cavemandave247',8.00,1.75,35.00,1.60,4.0,1,4.00,1.60,1.75,35,8.00,0.00,0.00,'2022-02-26 08:00:10',8877),('Fuji','Skilbo_Baggins',7.00,1.40,19.00,1.20,5.0,1,5.00,1.20,1.40,19,7.00,0.00,0.00,'2022-02-26 08:00:10',8878),('Infinity','Cavemandave247',8.00,1.75,53.00,0.90,5.0,1,5.00,0.90,1.75,53,8.00,0.00,0.00,'2022-02-26 08:00:10',8879),('looloo','llollo',4.40,1.75,141.00,1.60,3.0,1,3.00,1.60,1.75,141,4.40,304.12,304.12,'2022-02-26 08:00:10',8880),('Luscious','Classyfication',7.10,1.40,18.00,1.20,5.0,1,5.00,1.20,1.40,18,7.10,0.00,0.00,'2022-02-26 08:00:10',8881),('Madoka','QKoosy',6.00,1.40,0.00,1.60,5.0,1,10.00,1.60,1.75,0,12.00,0.00,0.00,'2022-02-26 08:00:10',8882),('Malicious','Qkoosy',7.20,1.40,26.00,1.20,5.0,1,5.00,1.20,1.40,26,7.20,0.00,0.00,'2022-02-26 08:00:10',8883),('maoaomooo','kaooakooo',5.60,1.75,123.00,0.90,3.0,1,3.00,0.90,1.75,123,5.60,0.00,286.39,'2022-02-26 08:00:10',8884),('maoomooo','kaookooo',5.60,1.75,123.00,0.90,3.0,1,3.00,0.90,1.75,123,5.60,0.00,286.39,'2022-02-26 08:00:10',8885),('moomoo','kookoo',5.60,1.75,123.00,0.90,3.0,1,3.00,0.90,1.75,123,5.60,0.00,0.00,'2022-02-26 08:00:10',8886),('moomooo','kookooo',5.60,1.75,123.00,0.90,3.0,1,3.00,0.90,1.75,123,5.60,0.00,0.00,'2022-02-26 08:00:10',8887),('omjowefmo','omwoefmo',3.70,1.75,123.00,0.90,3.0,1,3.00,0.90,1.75,123,3.70,0.00,0.00,'2022-02-26 08:00:10',8888),('plaspl','apsldp',2.50,1.75,123.00,1.20,4.0,1,4.00,1.20,1.75,123,2.50,0.00,0.00,'2022-02-26 08:00:10',8889),('qfqwf','qwfqwf',5.60,1.75,123.00,0.90,3.0,1,3.00,0.90,1.75,123,5.60,0.00,286.39,'2022-02-26 08:00:10',8890),('qfqwfd','qwfqwfd',5.60,1.75,123.00,0.90,3.0,1,3.00,0.90,1.75,123,5.60,0.00,286.39,'2022-02-26 08:00:10',8891),('qwdfqwdpl','qwedfplp123',3.60,1.75,123.00,1.20,4.0,1,4.00,1.20,1.75,123,3.60,0.00,0.00,'2022-02-26 08:00:10',8892),('qwdfqwdpld','qwedfplp123d',3.60,1.75,123.00,1.20,4.0,1,4.00,1.20,1.75,123,3.60,0.00,0.00,'2022-02-26 08:00:10',8893),('qwdqwd','qwdqwd',3.40,1.75,123.00,1.20,4.0,1,4.00,1.20,1.75,123,3.40,0.00,0.00,'2022-02-26 08:00:10',8894),('qwdqwdewv','qwdqwdvwe',3.40,1.75,123.00,1.20,4.0,1,4.00,1.20,1.75,123,3.40,0.00,0.00,'2022-02-26 08:00:10',8895),('Sabotage','Slikscythez',7.00,1.40,64.00,1.60,5.0,1,5.00,1.60,1.40,64,7.00,0.00,0.00,'2022-02-26 08:00:10',8896),('saefsgfwsef','wefwef',4.40,1.40,123.00,0.90,3.0,1,3.00,0.90,1.40,123,4.40,0.00,0.00,'2022-02-26 08:00:10',8897),('The 7 Titans','Slikscythez',5.20,1.40,0.00,2.00,5.0,1,5.00,2.00,1.40,0,5.20,0.00,0.00,'2022-02-26 08:00:10',8898),('Vicious','Slikscythez',8.00,1.40,98.00,1.20,5.0,1,5.00,1.20,1.40,98,8.00,0.00,0.00,'2022-02-26 08:00:10',8899),('Vicit','Danimalls',7.60,1.75,223.00,1.60,4.0,1,4.00,1.60,1.75,223,7.60,0.00,0.00,'2022-02-26 08:00:10',8900),('vqwdv','wvqwdq',4.30,1.10,123.00,1.20,3.0,1,3.00,1.20,1.75,123,4.30,0.00,0.00,'2022-02-26 08:00:10',8901),('wergwegwe','gwegwe2',3.90,1.75,342.00,0.90,4.0,1,4.00,0.90,1.75,342,3.90,110.81,110.81,'2022-02-26 08:00:10',8902),('Within','ZZZZZZach',7.00,1.40,87.50,2.15,5.0,2,10.00,4.30,2.80,175,14.00,0.00,0.00,'2022-02-26 08:00:10',8903),('afadfadf','wefwefwef',5.00,1.75,123.00,1.60,3.0,1,3.00,1.60,1.75,123,5.00,0.00,0.00,'2022-02-27 08:00:10',8904),('Annihilation','Qkoosy',7.30,1.75,67.00,1.20,5.0,1,5.00,1.20,1.75,67,7.30,0.00,0.00,'2022-02-27 08:00:10',8905),('Apostle','Qkoosy',6.10,1.40,0.00,1.60,5.0,1,5.00,1.60,1.40,0,6.10,0.00,0.00,'2022-02-27 08:00:10',8906),('asdas','asdd',4.30,1.75,123.00,1.20,3.0,1,3.00,1.20,1.75,123,4.30,0.00,0.00,'2022-02-27 08:00:10',8907),('asdas','dasdasd',3.00,1.75,123.00,1.20,3.0,1,3.00,1.20,1.75,123,3.00,0.00,0.00,'2022-02-27 08:00:10',8908),('Dark Sabotage','Qkoosy',7.30,1.40,87.00,1.20,5.0,1,5.00,1.20,1.40,87,7.30,0.00,0.00,'2022-02-27 08:00:10',8909),('Erebus','matthew_wayne',8.30,1.40,70.00,1.60,4.0,1,4.00,1.60,1.40,70,8.30,0.00,0.00,'2022-02-27 08:00:10',8910),('Flabbergasted','Cavemandave247',8.00,1.75,35.00,1.60,4.0,1,4.00,1.60,1.75,35,8.00,0.00,0.00,'2022-02-27 08:00:10',8911),('Fuji','Skilbo_Baggins',7.00,1.40,19.00,1.20,5.0,1,5.00,1.20,1.40,19,7.00,0.00,0.00,'2022-02-27 08:00:10',8912),('Infinity','Cavemandave247',8.00,1.75,53.00,0.90,5.0,1,5.00,0.90,1.75,53,8.00,0.00,0.00,'2022-02-27 08:00:10',8913),('looloo','llollo',4.40,1.75,141.00,1.60,3.0,1,3.00,1.60,1.75,141,4.40,304.12,304.12,'2022-02-27 08:00:10',8914),('Luscious','Classyfication',7.10,1.40,18.00,1.20,5.0,1,5.00,1.20,1.40,18,7.10,0.00,0.00,'2022-02-27 08:00:10',8915),('Madoka','QKoosy',6.00,1.40,0.00,1.60,5.0,1,10.00,1.60,1.75,0,12.00,0.00,0.00,'2022-02-27 08:00:10',8916),('Malicious','Qkoosy',7.20,1.40,26.00,1.20,5.0,1,5.00,1.20,1.40,26,7.20,0.00,0.00,'2022-02-27 08:00:10',8917),('maoaomooo','kaooakooo',5.60,1.75,123.00,0.90,3.0,1,3.00,0.90,1.75,123,5.60,0.00,286.39,'2022-02-27 08:00:10',8918),('maoomooo','kaookooo',5.60,1.75,123.00,0.90,3.0,1,3.00,0.90,1.75,123,5.60,0.00,286.39,'2022-02-27 08:00:10',8919),('moomoo','kookoo',5.60,1.75,123.00,0.90,3.0,1,3.00,0.90,1.75,123,5.60,0.00,0.00,'2022-02-27 08:00:10',8920),('moomooo','kookooo',5.60,1.75,123.00,0.90,3.0,1,3.00,0.90,1.75,123,5.60,0.00,0.00,'2022-02-27 08:00:10',8921),('omjowefmo','omwoefmo',3.70,1.75,123.00,0.90,3.0,1,3.00,0.90,1.75,123,3.70,0.00,0.00,'2022-02-27 08:00:10',8922),('plaspl','apsldp',2.50,1.75,123.00,1.20,4.0,1,4.00,1.20,1.75,123,2.50,0.00,0.00,'2022-02-27 08:00:10',8923),('qfqwf','qwfqwf',5.60,1.75,123.00,0.90,3.0,1,3.00,0.90,1.75,123,5.60,0.00,286.39,'2022-02-27 08:00:10',8924),('qfqwfd','qwfqwfd',5.60,1.75,123.00,0.90,3.0,1,3.00,0.90,1.75,123,5.60,0.00,286.39,'2022-02-27 08:00:10',8925),('qwdfqwdpl','qwedfplp123',3.60,1.75,123.00,1.20,4.0,1,4.00,1.20,1.75,123,3.60,0.00,0.00,'2022-02-27 08:00:10',8926),('qwdfqwdpld','qwedfplp123d',3.60,1.75,123.00,1.20,4.0,1,4.00,1.20,1.75,123,3.60,0.00,0.00,'2022-02-27 08:00:10',8927),('qwdqwd','qwdqwd',3.40,1.75,123.00,1.20,4.0,1,4.00,1.20,1.75,123,3.40,0.00,0.00,'2022-02-27 08:00:10',8928),('qwdqwdewv','qwdqwdvwe',3.40,1.75,123.00,1.20,4.0,1,4.00,1.20,1.75,123,3.40,0.00,0.00,'2022-02-27 08:00:10',8929),('Sabotage','Slikscythez',7.00,1.40,64.00,1.60,5.0,1,5.00,1.60,1.40,64,7.00,0.00,0.00,'2022-02-27 08:00:10',8930),('saefsgfwsef','wefwef',4.40,1.40,123.00,0.90,3.0,1,3.00,0.90,1.40,123,4.40,0.00,0.00,'2022-02-27 08:00:10',8931),('The 7 Titans','Slikscythez',5.20,1.40,0.00,2.00,5.0,1,5.00,2.00,1.40,0,5.20,0.00,0.00,'2022-02-27 08:00:10',8932),('Vicious','Slikscythez',8.00,1.40,98.00,1.20,5.0,1,5.00,1.20,1.40,98,8.00,0.00,0.00,'2022-02-27 08:00:10',8933),('Vicit','Danimalls',7.60,1.75,223.00,1.60,4.0,1,4.00,1.60,1.75,223,7.60,0.00,0.00,'2022-02-27 08:00:10',8934),('vqwdv','wvqwdq',4.30,1.10,123.00,1.20,3.0,1,3.00,1.20,1.75,123,4.30,0.00,0.00,'2022-02-27 08:00:10',8935),('wergwegwe','gwegwe2',3.90,1.75,342.00,0.90,4.0,1,4.00,0.90,1.75,342,3.90,110.81,110.81,'2022-02-27 08:00:10',8936),('Within','ZZZZZZach',7.00,1.40,87.50,2.15,5.0,2,10.00,4.30,2.80,175,14.00,0.00,0.00,'2022-02-27 08:00:10',8937),('afadfadf','wefwefwef',5.00,1.75,123.00,1.60,3.0,1,3.00,1.60,1.75,123,5.00,0.00,0.00,'2022-03-01 08:00:02',8938),('Annihilation','Qkoosy',7.30,1.75,67.00,1.20,5.0,1,5.00,1.20,1.75,67,7.30,0.00,0.00,'2022-03-01 08:00:02',8939),('Apostle','Qkoosy',6.10,1.40,0.00,1.60,5.0,1,5.00,1.60,1.40,0,6.10,0.00,0.00,'2022-03-01 08:00:02',8940),('asdas','asdd',4.30,1.75,123.00,1.20,3.0,1,3.00,1.20,1.75,123,4.30,0.00,0.00,'2022-03-01 08:00:02',8941),('asdas','dasdasd',3.00,1.75,123.00,1.20,3.0,1,3.00,1.20,1.75,123,3.00,0.00,0.00,'2022-03-01 08:00:02',8942),('Dark Sabotage','Qkoosy',7.30,1.40,87.00,1.20,5.0,1,5.00,1.20,1.40,87,7.30,0.00,0.00,'2022-03-01 08:00:02',8943),('Erebus','matthew_wayne',8.30,1.40,70.00,1.60,4.0,1,4.00,1.60,1.40,70,8.30,0.00,0.00,'2022-03-01 08:00:02',8944),('Flabbergasted','Cavemandave247',8.00,1.75,35.00,1.60,4.0,1,4.00,1.60,1.75,35,8.00,0.00,0.00,'2022-03-01 08:00:02',8945),('Fuji','Skilbo_Baggins',7.00,1.40,19.00,1.20,5.0,1,5.00,1.20,1.40,19,7.00,0.00,0.00,'2022-03-01 08:00:02',8946),('Infinity','Cavemandave247',8.00,1.75,53.00,0.90,5.0,1,5.00,0.90,1.75,53,8.00,0.00,0.00,'2022-03-01 08:00:02',8947),('looloo','llollo',4.40,1.75,141.00,1.60,3.0,1,3.00,1.60,1.75,141,4.40,304.12,304.12,'2022-03-01 08:00:02',8948),('Luscious','Classyfication',7.10,1.40,18.00,1.20,5.0,1,5.00,1.20,1.40,18,7.10,0.00,0.00,'2022-03-01 08:00:02',8949),('Madoka','QKoosy',6.00,1.40,0.00,1.60,5.0,1,10.00,1.60,1.75,0,12.00,0.00,0.00,'2022-03-01 08:00:02',8950),('Malicious','Qkoosy',7.20,1.40,26.00,1.20,5.0,1,5.00,1.20,1.40,26,7.20,0.00,0.00,'2022-03-01 08:00:02',8951),('maoaomooo','kaooakooo',5.60,1.75,123.00,0.90,3.0,1,3.00,0.90,1.75,123,5.60,0.00,286.39,'2022-03-01 08:00:02',8952),('maoomooo','kaookooo',5.60,1.75,123.00,0.90,3.0,1,3.00,0.90,1.75,123,5.60,0.00,286.39,'2022-03-01 08:00:02',8953),('moomoo','kookoo',5.60,1.75,123.00,0.90,3.0,1,3.00,0.90,1.75,123,5.60,0.00,0.00,'2022-03-01 08:00:02',8954),('moomooo','kookooo',5.60,1.75,123.00,0.90,3.0,1,3.00,0.90,1.75,123,5.60,0.00,0.00,'2022-03-01 08:00:02',8955),('omjowefmo','omwoefmo',3.70,1.75,123.00,0.90,3.0,1,3.00,0.90,1.75,123,3.70,0.00,0.00,'2022-03-01 08:00:02',8956),('plaspl','apsldp',2.50,1.75,123.00,1.20,4.0,1,4.00,1.20,1.75,123,2.50,0.00,0.00,'2022-03-01 08:00:02',8957),('qfqwf','qwfqwf',5.60,1.75,123.00,0.90,3.0,1,3.00,0.90,1.75,123,5.60,0.00,286.39,'2022-03-01 08:00:02',8958),('qfqwfd','qwfqwfd',5.60,1.75,123.00,0.90,3.0,1,3.00,0.90,1.75,123,5.60,0.00,286.39,'2022-03-01 08:00:02',8959),('qwdfqwdpl','qwedfplp123',3.60,1.75,123.00,1.20,4.0,1,4.00,1.20,1.75,123,3.60,0.00,0.00,'2022-03-01 08:00:02',8960),('qwdfqwdpld','qwedfplp123d',3.60,1.75,123.00,1.20,4.0,1,4.00,1.20,1.75,123,3.60,0.00,0.00,'2022-03-01 08:00:02',8961),('qwdqwd','qwdqwd',3.40,1.75,123.00,1.20,4.0,1,4.00,1.20,1.75,123,3.40,0.00,0.00,'2022-03-01 08:00:02',8962),('qwdqwdewv','qwdqwdvwe',3.40,1.75,123.00,1.20,4.0,1,4.00,1.20,1.75,123,3.40,0.00,0.00,'2022-03-01 08:00:02',8963),('Sabotage','Slikscythez',7.00,1.40,64.00,1.60,5.0,1,5.00,1.60,1.40,64,7.00,0.00,0.00,'2022-03-01 08:00:02',8964),('saefsgfwsef','wefwef',4.40,1.40,123.00,0.90,3.0,1,3.00,0.90,1.40,123,4.40,0.00,0.00,'2022-03-01 08:00:02',8965),('The 7 Titans','Slikscythez',5.20,1.40,0.00,2.00,5.0,1,5.00,2.00,1.40,0,5.20,0.00,0.00,'2022-03-01 08:00:02',8966),('Vicious','Slikscythez',8.00,1.40,98.00,1.20,5.0,1,5.00,1.20,1.40,98,8.00,0.00,0.00,'2022-03-01 08:00:02',8967),('Vicit','Danimalls',7.60,1.75,223.00,1.60,4.0,1,4.00,1.60,1.75,223,7.60,0.00,0.00,'2022-03-01 08:00:02',8968),('vqwdv','wvqwdq',4.30,1.10,123.00,1.20,3.0,1,3.00,1.20,1.75,123,4.30,0.00,0.00,'2022-03-01 08:00:02',8969),('wergwegwe','gwegwe2',3.90,1.75,342.00,0.90,4.0,1,4.00,0.90,1.75,342,3.90,110.81,110.81,'2022-03-01 08:00:02',8970),('Within','ZZZZZZach',7.00,1.40,87.50,2.15,5.0,2,10.00,4.30,2.80,175,14.00,0.00,0.00,'2022-03-01 08:00:02',8971);
/*!40000 ALTER TABLE `trackshistory` ENABLE KEYS */;
UNLOCK TABLES;
/*!40103 SET TIME_ZONE=@OLD_TIME_ZONE */;

/*!40101 SET SQL_MODE=@OLD_SQL_MODE */;
/*!40014 SET FOREIGN_KEY_CHECKS=@OLD_FOREIGN_KEY_CHECKS */;
/*!40014 SET UNIQUE_CHECKS=@OLD_UNIQUE_CHECKS */;
/*!40101 SET CHARACTER_SET_CLIENT=@OLD_CHARACTER_SET_CLIENT */;
/*!40101 SET CHARACTER_SET_RESULTS=@OLD_CHARACTER_SET_RESULTS */;
/*!40101 SET COLLATION_CONNECTION=@OLD_COLLATION_CONNECTION */;
/*!40111 SET SQL_NOTES=@OLD_SQL_NOTES */;

-- Dump completed on 2022-03-02 11:07:49
